code,term,id,type,bnf_code
164711000001103,Celiprolol 200mg tablets (IVAX Pharmaceuticals UK Ltd),164711000001103,amp,020400060AAAAAA
339411000001106,Celiprolol 200mg tablets (Sterwin Medicines),339411000001106,amp,020400060AAAAAA
354811000001105,Celiprolol 200mg tablets (Mylan),354811000001105,amp,020400060AAAAAA
607511000001100,Celiprolol 200mg tablets (Kent Pharmaceuticals Ltd),607511000001100,amp,020400060AAAAAA
735811000001109,Celiprolol 200mg tablets (Alliance Healthcare (Distribution) Ltd),735811000001109,amp,020400060AAAAAA
742311000001105,Celiprolol 200mg tablets (A A H Pharmaceuticals Ltd),742311000001105,amp,020400060AAAAAA
749111000001104,Celiprolol 200mg tablets (Teva UK Ltd),749111000001104,amp,020400060AAAAAA
4566011000001107,Celiprolol 200mg tablets (Actavis UK Ltd),4566011000001107,amp,020400060AAAAAA
7457411000001105,Celiprolol 200mg tablets (Ranbaxy (UK) Ltd),7457411000001105,amp,020400060AAAAAA
17853311000001102,Celiprolol 200mg tablets (Phoenix Healthcare Distribution Ltd),17853311000001102,amp,020400060AAAAAA
21831611000001108,Celiprolol 200mg tablets (Waymade Healthcare Plc),21831611000001108,amp,020400060AAAAAA
23788611000001100,Celiprolol 200mg tablets (DE Pharmaceuticals),23788611000001100,amp,020400060AAAAAA
30012711000001106,Celiprolol 200mg tablets (Mawdsley-Brooks & Company Ltd),30012711000001106,amp,020400060AAAAAA
111000001107,Celiprolol 400mg tablets (Sterwin Medicines),111000001107,amp,020400060AAABAB
93711000001109,Celiprolol 400mg tablets (Teva UK Ltd),93711000001109,amp,020400060AAABAB
141911000001108,Celiprolol 400mg tablets (A A H Pharmaceuticals Ltd),141911000001108,amp,020400060AAABAB
328311000001107,Celiprolol 400mg tablets (Kent Pharmaceuticals Ltd),328311000001107,amp,020400060AAABAB
684111000001100,Celiprolol 400mg tablets (Mylan),684111000001100,amp,020400060AAABAB
881311000001109,Celiprolol 400mg tablets (IVAX Pharmaceuticals UK Ltd),881311000001109,amp,020400060AAABAB
3702811000001104,Celiprolol 400mg tablets (Alliance Healthcare (Distribution) Ltd),3702811000001104,amp,020400060AAABAB
7457611000001108,Celiprolol 400mg tablets (Ranbaxy (UK) Ltd),7457611000001108,amp,020400060AAABAB
17853511000001108,Celiprolol 400mg tablets (Phoenix Healthcare Distribution Ltd),17853511000001108,amp,020400060AAABAB
18164711000001106,Celiprolol 400mg tablets (Actavis UK Ltd),18164711000001106,amp,020400060AAABAB
21831811000001107,Celiprolol 400mg tablets (Waymade Healthcare Plc),21831811000001107,amp,020400060AAABAB
23789711000001100,Celiprolol 400mg tablets (DE Pharmaceuticals),23789711000001100,amp,020400060AAABAB
29784811000001106,Celiprolol 400mg tablets (Sigma Pharmaceuticals Plc),29784811000001106,amp,020400060AAABAB
29792111000001108,Celiprolol 200mg/5ml oral suspension (Special Order),29792111000001108,amp,020400060AAACAC
864811000001100,Celectol 200mg tablets (Sanofi),864811000001100,amp,020400060BBAAAA
479211000001100,Celectol 400mg tablets (Sanofi),479211000001100,amp,020400060BBABAB
7332611000001100,Carvedilol 12.5mg tablets (Actavis UK Ltd),7332611000001100,amp,020400080AAABAB
7334111000001100,Carvedilol 12.5mg tablets (Teva UK Ltd),7334111000001100,amp,020400080AAABAB
7338211000001100,Carvedilol 12.5mg tablets (Zentiva),7338211000001100,amp,020400080AAABAB
7377511000001104,Carvedilol 12.5mg tablets (Sandoz Ltd),7377511000001104,amp,020400080AAABAB
7398111000001104,Carvedilol 12.5mg tablets (Alliance Healthcare (Distribution) Ltd),7398111000001104,amp,020400080AAABAB
7402411000001102,Carvedilol 12.5mg tablets (IVAX Pharmaceuticals UK Ltd),7402411000001102,amp,020400080AAABAB
7469811000001109,Carvedilol 12.5mg tablets (Kent Pharmaceuticals Ltd),7469811000001109,amp,020400080AAABAB
7494311000001104,Carvedilol 12.5mg tablets (A A H Pharmaceuticals Ltd),7494311000001104,amp,020400080AAABAB
7974511000001101,Carvedilol 12.5mg tablets (Mylan),7974511000001101,amp,020400080AAABAB
9034211000001104,Carvedilol 12.5mg tablets (Genus Pharmaceuticals Ltd),9034211000001104,amp,020400080AAABAB
10290211000001109,Carvedilol 12.5mg tablets (Focus Pharmaceuticals Ltd),10290211000001109,amp,020400080AAABAB
10388311000001106,Carvedilol 12.5mg tablets (Arrow Generics Ltd),10388311000001106,amp,020400080AAABAB
10438811000001102,Carvedilol 12.5mg tablets (Niche Generics Ltd),10438811000001102,amp,020400080AAABAB
11399311000001109,Carvedilol 12.5mg tablets (PLIVA Pharma Ltd),11399311000001109,amp,020400080AAABAB
11402311000001105,Carvedilol 12.5mg tablets (Almus Pharmaceuticals Ltd),11402311000001105,amp,020400080AAABAB
13742611000001105,Carvedilol 12.5mg tablets (Tillomed Laboratories Ltd),13742611000001105,amp,020400080AAABAB
14115611000001101,Carvedilol 12.5mg tablets (Consilient Health Ltd),14115611000001101,amp,020400080AAABAB
15071911000001104,Carvedilol 12.5mg tablets (Sigma Pharmaceuticals Plc),15071911000001104,amp,020400080AAABAB
17826111000001105,Carvedilol 12.5mg tablets (Phoenix Healthcare Distribution Ltd),17826111000001105,amp,020400080AAABAB
18557311000001101,Carvedilol 12.5mg tablets (Bristol Laboratories Ltd),18557311000001101,amp,020400080AAABAB
19711611000001108,Carvedilol 12.5mg tablets (DE Pharmaceuticals),19711611000001108,amp,020400080AAABAB
21820811000001101,Carvedilol 12.5mg tablets (Waymade Healthcare Plc),21820811000001101,amp,020400080AAABAB
22324911000001100,Carvedilol 12.5mg tablets (APC Pharmaceuticals & Chemicals (Europe) Ltd),22324911000001100,amp,020400080AAABAB
23958611000001103,Carvedilol 12.5mg tablets (Milpharm Ltd),23958611000001103,amp,020400080AAABAB
30008711000001106,Carvedilol 12.5mg tablets (Mawdsley-Brooks & Company Ltd),30008711000001106,amp,020400080AAABAB
7332811000001101,Carvedilol 25mg tablets (Actavis UK Ltd),7332811000001101,amp,020400080AAACAC
7334311000001103,Carvedilol 25mg tablets (Teva UK Ltd),7334311000001103,amp,020400080AAACAC
7338411000001101,Carvedilol 25mg tablets (Zentiva),7338411000001101,amp,020400080AAACAC
7377711000001109,Carvedilol 25mg tablets (Sandoz Ltd),7377711000001109,amp,020400080AAACAC
7398311000001102,Carvedilol 25mg tablets (Alliance Healthcare (Distribution) Ltd),7398311000001102,amp,020400080AAACAC
7402611000001104,Carvedilol 25mg tablets (IVAX Pharmaceuticals UK Ltd),7402611000001104,amp,020400080AAACAC
7470111000001104,Carvedilol 25mg tablets (Kent Pharmaceuticals Ltd),7470111000001104,amp,020400080AAACAC
7494511000001105,Carvedilol 25mg tablets (A A H Pharmaceuticals Ltd),7494511000001105,amp,020400080AAACAC
7974711000001106,Carvedilol 25mg tablets (Mylan),7974711000001106,amp,020400080AAACAC
9034511000001101,Carvedilol 25mg tablets (Genus Pharmaceuticals Ltd),9034511000001101,amp,020400080AAACAC
10290511000001107,Carvedilol 25mg tablets (Focus Pharmaceuticals Ltd),10290511000001107,amp,020400080AAACAC
10388511000001100,Carvedilol 25mg tablets (Arrow Generics Ltd),10388511000001100,amp,020400080AAACAC
10439511000001106,Carvedilol 25mg tablets (Niche Generics Ltd),10439511000001106,amp,020400080AAACAC
13742811000001109,Carvedilol 25mg tablets (Tillomed Laboratories Ltd),13742811000001109,amp,020400080AAACAC
14115811000001102,Carvedilol 25mg tablets (Consilient Health Ltd),14115811000001102,amp,020400080AAACAC
15072211000001101,Carvedilol 25mg tablets (Sigma Pharmaceuticals Plc),15072211000001101,amp,020400080AAACAC
17826311000001107,Carvedilol 25mg tablets (Phoenix Healthcare Distribution Ltd),17826311000001107,amp,020400080AAACAC
17962911000001105,Carvedilol 25mg tablets (Almus Pharmaceuticals Ltd),17962911000001105,amp,020400080AAACAC
18557511000001107,Carvedilol 25mg tablets (Bristol Laboratories Ltd),18557511000001107,amp,020400080AAACAC
19711811000001107,Carvedilol 25mg tablets (DE Pharmaceuticals),19711811000001107,amp,020400080AAACAC
21821011000001103,Carvedilol 25mg tablets (Waymade Healthcare Plc),21821011000001103,amp,020400080AAACAC
22325111000001104,Carvedilol 25mg tablets (APC Pharmaceuticals & Chemicals (Europe) Ltd),22325111000001104,amp,020400080AAACAC
23958911000001109,Carvedilol 25mg tablets (Milpharm Ltd),23958911000001109,amp,020400080AAACAC
37051311000001100,Carvedilol 25mg tablets (Mawdsley-Brooks & Company Ltd),37051311000001100,amp,020400080AAACAC
12370111000001109,Carvedilol 3.125mg/5ml oral suspension (Special Order),12370111000001109,amp,020400080AAADAD
7333711000001101,Carvedilol 3.125mg tablets (Teva UK Ltd),7333711000001101,amp,020400080AAAEAE
7337811000001103,Carvedilol 3.125mg tablets (Zentiva),7337811000001103,amp,020400080AAAEAE
7377111000001108,Carvedilol 3.125mg tablets (Sandoz Ltd),7377111000001108,amp,020400080AAAEAE
7397711000001104,Carvedilol 3.125mg tablets (Alliance Healthcare (Distribution) Ltd),7397711000001104,amp,020400080AAAEAE
7398911000001101,Carvedilol 3.125mg tablets (Actavis UK Ltd),7398911000001101,amp,020400080AAAEAE
7402011000001106,Carvedilol 3.125mg tablets (IVAX Pharmaceuticals UK Ltd),7402011000001106,amp,020400080AAAEAE
7469111000001102,Carvedilol 3.125mg tablets (Kent Pharmaceuticals Ltd),7469111000001102,amp,020400080AAAEAE
7493711000001102,Carvedilol 3.125mg tablets (A A H Pharmaceuticals Ltd),7493711000001102,amp,020400080AAAEAE
9033311000001105,Carvedilol 3.125mg tablets (Genus Pharmaceuticals Ltd),9033311000001105,amp,020400080AAAEAE
10289511000001100,Carvedilol 3.125mg tablets (Focus Pharmaceuticals Ltd),10289511000001100,amp,020400080AAAEAE
10387911000001106,Carvedilol 3.125mg tablets (Arrow Generics Ltd),10387911000001106,amp,020400080AAAEAE
10439811000001109,Carvedilol 3.125mg tablets (Niche Generics Ltd),10439811000001109,amp,020400080AAAEAE
11399611000001104,Carvedilol 3.125mg tablets (PLIVA Pharma Ltd),11399611000001104,amp,020400080AAAEAE
11401411000001108,Carvedilol 3.125mg tablets (Almus Pharmaceuticals Ltd),11401411000001108,amp,020400080AAAEAE
13742211000001108,Carvedilol 3.125mg tablets (Tillomed Laboratories Ltd),13742211000001108,amp,020400080AAAEAE
14114811000001103,Carvedilol 3.125mg tablets (Consilient Health Ltd),14114811000001103,amp,020400080AAAEAE
15072411000001102,Carvedilol 3.125mg tablets (Sigma Pharmaceuticals Plc),15072411000001102,amp,020400080AAAEAE
17825711000001103,Carvedilol 3.125mg tablets (Phoenix Healthcare Distribution Ltd),17825711000001103,amp,020400080AAAEAE
18556911000001103,Carvedilol 3.125mg tablets (Bristol Laboratories Ltd),18556911000001103,amp,020400080AAAEAE
19712011000001109,Carvedilol 3.125mg tablets (DE Pharmaceuticals),19712011000001109,amp,020400080AAAEAE
21820011000001107,Carvedilol 3.125mg tablets (Waymade Healthcare Plc),21820011000001107,amp,020400080AAAEAE
22324411000001108,Carvedilol 3.125mg tablets (APC Pharmaceuticals & Chemicals (Europe) Ltd),22324411000001108,amp,020400080AAAEAE
23958011000001105,Carvedilol 3.125mg tablets (Milpharm Ltd),23958011000001105,amp,020400080AAAEAE
30008311000001107,Carvedilol 3.125mg tablets (Mawdsley-Brooks & Company Ltd),30008311000001107,amp,020400080AAAEAE
7332411000001103,Carvedilol 6.25mg tablets (Actavis UK Ltd),7332411000001103,amp,020400080AAAFAF
7333911000001104,Carvedilol 6.25mg tablets (Teva UK Ltd),7333911000001104,amp,020400080AAAFAF
7338011000001105,Carvedilol 6.25mg tablets (Zentiva),7338011000001105,amp,020400080AAAFAF
7377311000001105,Carvedilol 6.25mg tablets (Sandoz Ltd),7377311000001105,amp,020400080AAAFAF
7397911000001102,Carvedilol 6.25mg tablets (Alliance Healthcare (Distribution) Ltd),7397911000001102,amp,020400080AAAFAF
7402211000001101,Carvedilol 6.25mg tablets (IVAX Pharmaceuticals UK Ltd),7402211000001101,amp,020400080AAAFAF
7469511000001106,Carvedilol 6.25mg tablets (Kent Pharmaceuticals Ltd),7469511000001106,amp,020400080AAAFAF
7493911000001100,Carvedilol 6.25mg tablets (A A H Pharmaceuticals Ltd),7493911000001100,amp,020400080AAAFAF
7974311000001107,Carvedilol 6.25mg tablets (Mylan),7974311000001107,amp,020400080AAAFAF
9033711000001109,Carvedilol 6.25mg tablets (Genus Pharmaceuticals Ltd),9033711000001109,amp,020400080AAAFAF
10289811000001102,Carvedilol 6.25mg tablets (Focus Pharmaceuticals Ltd),10289811000001102,amp,020400080AAAFAF
10388111000001109,Carvedilol 6.25mg tablets (Arrow Generics Ltd),10388111000001109,amp,020400080AAAFAF
10440211000001100,Carvedilol 6.25mg tablets (Niche Generics Ltd),10440211000001100,amp,020400080AAAFAF
11399911000001105,Carvedilol 6.25mg tablets (PLIVA Pharma Ltd),11399911000001105,amp,020400080AAAFAF
11401811000001105,Carvedilol 6.25mg tablets (Almus Pharmaceuticals Ltd),11401811000001105,amp,020400080AAAFAF
13742411000001107,Carvedilol 6.25mg tablets (Tillomed Laboratories Ltd),13742411000001107,amp,020400080AAAFAF
14115211000001103,Carvedilol 6.25mg tablets (Consilient Health Ltd),14115211000001103,amp,020400080AAAFAF
15072711000001108,Carvedilol 6.25mg tablets (Sigma Pharmaceuticals Plc),15072711000001108,amp,020400080AAAFAF
17825911000001101,Carvedilol 6.25mg tablets (Phoenix Healthcare Distribution Ltd),17825911000001101,amp,020400080AAAFAF
18557111000001103,Carvedilol 6.25mg tablets (Bristol Laboratories Ltd),18557111000001103,amp,020400080AAAFAF
19712211000001104,Carvedilol 6.25mg tablets (DE Pharmaceuticals),19712211000001104,amp,020400080AAAFAF
21820211000001102,Carvedilol 6.25mg tablets (Waymade Healthcare Plc),21820211000001102,amp,020400080AAAFAF
22324711000001102,Carvedilol 6.25mg tablets (APC Pharmaceuticals & Chemicals (Europe) Ltd),22324711000001102,amp,020400080AAAFAF
23958311000001108,Carvedilol 6.25mg tablets (Milpharm Ltd),23958311000001108,amp,020400080AAAFAF
30008511000001101,Carvedilol 6.25mg tablets (Mawdsley-Brooks & Company Ltd),30008511000001101,amp,020400080AAAFAF
8333611000001103,Carvedilol 5mg/5ml oral suspension (Drug Tariff Special Order),8333611000001103,amp,020400080AAAPAP
334711000001101,Eucardic 12.5mg tablets (Roche Products Ltd),334711000001101,amp,020400080BBAAAB
709911000001107,Eucardic 25mg tablets (Roche Products Ltd),709911000001107,amp,020400080BBABAC
13801211000001108,Nebivolol 5mg tablets (PLIVA Pharma Ltd),13801211000001108,amp,0204000ABAAAAAA
14033711000001109,Nebivolol 5mg tablets (A A H Pharmaceuticals Ltd),14033711000001109,amp,0204000ABAAAAAA
14038411000001109,Nebivolol 5mg tablets (Alliance Healthcare (Distribution) Ltd),14038411000001109,amp,0204000ABAAAAAA
14169511000001101,Nebivolol 5mg tablets (Teva UK Ltd),14169511000001101,amp,0204000ABAAAAAA
14404711000001108,Nebivolol 5mg tablets (Accord Healthcare Ltd),14404711000001108,amp,0204000ABAAAAAA
15237011000001103,Nebivolol 5mg tablets (Sigma Pharmaceuticals Plc),15237011000001103,amp,0204000ABAAAAAA
15524311000001103,Nebivolol 5mg tablets (Zentiva),15524311000001103,amp,0204000ABAAAAAA
15638211000001109,Nebivolol 5mg tablets (Glenmark Pharmaceuticals Europe Ltd),15638211000001109,amp,0204000ABAAAAAA
17945911000001105,Nebivolol 5mg tablets (Phoenix Healthcare Distribution Ltd),17945911000001105,amp,0204000ABAAAAAA
19836511000001105,Nebivolol 5mg tablets (Mylan),19836511000001105,amp,0204000ABAAAAAA
20312411000001102,Nebivolol 5mg tablets (Sandoz Ltd),20312411000001102,amp,0204000ABAAAAAA
21819211000001101,Nebivolol 5mg tablets (Waymade Healthcare Plc),21819211000001101,amp,0204000ABAAAAAA
22464711000001103,Nebivolol 5mg tablets (Arrow Generics Ltd),22464711000001103,amp,0204000ABAAAAAA
24483711000001109,Nebivolol 5mg tablets (Almus Pharmaceuticals Ltd),24483711000001109,amp,0204000ABAAAAAA
30063611000001108,Nebivolol 5mg tablets (DE Pharmaceuticals),30063611000001108,amp,0204000ABAAAAAA
32425311000001105,Nebivolol 5mg tablets (Kent Pharmaceuticals Ltd),32425311000001105,amp,0204000ABAAAAAA
36764911000001106,Nebivolol 5mg tablets (Macleods Pharma UK Ltd),36764911000001106,amp,0204000ABAAAAAA
36836611000001102,Nebivolol 5mg tablets (Torrent Pharma (UK) Ltd),36836611000001102,amp,0204000ABAAAAAA
38003411000001109,Nebivolol 5mg tablets (Medreich Plc),38003411000001109,amp,0204000ABAAAAAA
15638611000001106,Nebivolol 2.5mg tablets (Glenmark Pharmaceuticals Europe Ltd),15638611000001106,amp,0204000ABAAABAB
16551311000001103,Nebivolol 2.5mg tablets (A A H Pharmaceuticals Ltd),16551311000001103,amp,0204000ABAAABAB
17168411000001102,Nebivolol 2.5mg tablets (Alliance Healthcare (Distribution) Ltd),17168411000001102,amp,0204000ABAAABAB
18141211000001105,Nebivolol 2.5mg tablets (Phoenix Healthcare Distribution Ltd),18141211000001105,amp,0204000ABAAABAB
21266011000001105,Nebivolol 2.5mg tablets (Sigma Pharmaceuticals Plc),21266011000001105,amp,0204000ABAAABAB
21819011000001106,Nebivolol 2.5mg tablets (Waymade Healthcare Plc),21819011000001106,amp,0204000ABAAABAB
24573811000001100,Nebivolol 2.5mg tablets (Teva UK Ltd),24573811000001100,amp,0204000ABAAABAB
27336211000001104,Nebivolol 2.5mg tablets (Advanz Pharma),27336211000001104,amp,0204000ABAAABAB
30063411000001105,Nebivolol 2.5mg tablets (DE Pharmaceuticals),30063411000001105,amp,0204000ABAAABAB
30850311000001103,Nebivolol 2.5mg tablets (Mawdsley-Brooks & Company Ltd),30850311000001103,amp,0204000ABAAABAB
32424911000001107,Nebivolol 2.5mg tablets (Kent Pharmaceuticals Ltd),32424911000001107,amp,0204000ABAAABAB
36764711000001109,Nebivolol 2.5mg tablets (Macleods Pharma UK Ltd),36764711000001109,amp,0204000ABAAABAB
38003111000001104,Nebivolol 2.5mg tablets (Medreich Plc),38003111000001104,amp,0204000ABAAABAB
23644311000001100,Nebivolol 10mg tablets (Glenmark Pharmaceuticals Europe Ltd),23644311000001100,amp,0204000ABAAACAC
24193811000001101,Nebivolol 10mg tablets (Alliance Healthcare (Distribution) Ltd),24193811000001101,amp,0204000ABAAACAC
24416911000001103,Nebivolol 10mg tablets (A A H Pharmaceuticals Ltd),24416911000001103,amp,0204000ABAAACAC
29929311000001100,Nebivolol 10mg tablets (Sigma Pharmaceuticals Plc),29929311000001100,amp,0204000ABAAACAC
30063811000001107,Nebivolol 10mg tablets (DE Pharmaceuticals),30063811000001107,amp,0204000ABAAACAC
36723111000001104,Nebivolol 10mg tablets (Macleods Pharma UK Ltd),36723111000001104,amp,0204000ABAAACAC
38003611000001107,Nebivolol 10mg tablets (Medreich Plc),38003611000001107,amp,0204000ABAAACAC
726011000001109,Nebilet 5mg tablets (A. Menarini Farmaceutica Internazionale SRL),726011000001109,amp,0204000ABBBAAAA
28357711000001104,Bisoprolol 5mg / Aspirin 75mg capsules (Aspire Pharma Ltd),28357711000001104,amp,0204000ACAAAAAA
28358311000001102,Bisoprolol 10mg / Aspirin 75mg capsules (Aspire Pharma Ltd),28358311000001102,amp,0204000ACAAABAB
28359411000001101,Bisoprolol 10mg / Aspirin 100mg capsules (Aspire Pharma Ltd),28359411000001101,amp,0204000ACAAACAC
28360311000001109,Bisoprolol 5mg / Aspirin 100mg capsules (Aspire Pharma Ltd),28360311000001109,amp,0204000ACAAADAD
4814811000001108,Acebutolol 100mg capsules (Kent Pharmaceuticals Ltd),4814811000001108,amp,0204000C0AAAAAA
10347111000001100,Acebutolol 100mg capsules (Alliance Healthcare (Distribution) Ltd),10347111000001100,amp,0204000C0AAAAAA
4815111000001102,Acebutolol 200mg capsules (Kent Pharmaceuticals Ltd),4815111000001102,amp,0204000C0AAABAB
10347311000001103,Acebutolol 200mg capsules (Alliance Healthcare (Distribution) Ltd),10347311000001103,amp,0204000C0AAABAB
4815811000001109,Acebutolol 400mg tablets (Kent Pharmaceuticals Ltd),4815811000001109,amp,0204000C0AAADAD
9703611000001105,Acebutolol 400mg tablets (A A H Pharmaceuticals Ltd),9703611000001105,amp,0204000C0AAADAD
10347511000001109,Acebutolol 400mg tablets (Alliance Healthcare (Distribution) Ltd),10347511000001109,amp,0204000C0AAADAD
632811000001105,Sectral 100mg capsules (Sanofi),632811000001105,amp,0204000C0BBAAAA
925711000001108,Sectral 200mg capsules (Sanofi),925711000001108,amp,0204000C0BBABAB
298111000001105,Sectral 400mg tablets (Sanofi),298111000001105,amp,0204000C0BBADAD
11560811000001105,Atenolol 25mg/5ml oral solution sugar free (Alliance Healthcare (Distribution) Ltd),11560811000001105,amp,0204000E0AAAAAA
11623011000001105,Atenolol 25mg/5ml oral solution sugar free (Kappin Ltd),11623011000001105,amp,0204000E0AAAAAA
16183211000001105,Atenolol 25mg/5ml oral solution sugar free (A A H Pharmaceuticals Ltd),16183211000001105,amp,0204000E0AAAAAA
17787011000001100,Atenolol 25mg/5ml oral solution sugar free (Phoenix Healthcare Distribution Ltd),17787011000001100,amp,0204000E0AAAAAA
17962611000001104,Atenolol 25mg/5ml oral solution sugar free (Almus Pharmaceuticals Ltd),17962611000001104,amp,0204000E0AAAAAA
21778411000001103,Atenolol 25mg/5ml oral solution sugar free (Waymade Healthcare Plc),21778411000001103,amp,0204000E0AAAAAA
22600211000001101,Atenolol 25mg/5ml oral solution sugar free (Healthcare Pharma Ltd),22600211000001101,amp,0204000E0AAAAAA
22612011000001108,Atenolol 25mg/5ml oral solution sugar free (DE Pharmaceuticals),22612011000001108,amp,0204000E0AAAAAA
29771511000001100,Atenolol 25mg/5ml oral solution sugar free (Sigma Pharmaceuticals Plc),29771511000001100,amp,0204000E0AAAAAA
31406511000001101,Atenolol 25mg/5ml oral solution sugar free (Thame Laboratories Ltd),31406511000001101,amp,0204000E0AAAAAA
35904011000001100,Atenolol 25mg/5ml oral solution sugar free (Essential Generics Ltd),35904011000001100,amp,0204000E0AAAAAA
58311000001109,Atenolol 50mg tablets (A A H Pharmaceuticals Ltd),58311000001109,amp,0204000E0AAABAB
225111000001106,Atenolol 50mg tablets (Mylan),225111000001106,amp,0204000E0AAABAB
263511000001107,Atenolol 50mg tablets (Alliance Healthcare (Distribution) Ltd),263511000001107,amp,0204000E0AAABAB
335611000001106,Atenolol 50mg tablets (Wockhardt UK Ltd),335611000001106,amp,0204000E0AAABAB
401411000001109,Atenolol 50mg tablets (Actavis UK Ltd),401411000001109,amp,0204000E0AAABAB
674511000001104,Atenolol 50mg tablets (Teva UK Ltd),674511000001104,amp,0204000E0AAABAB
718711000001103,Atenolol 50mg tablets (Sterwin Medicines),718711000001103,amp,0204000E0AAABAB
790911000001104,Atenolol 50mg tablets (Kent Pharmaceuticals Ltd),790911000001104,amp,0204000E0AAABAB
852111000001108,Atenolol 50mg tablets (IVAX Pharmaceuticals UK Ltd),852111000001108,amp,0204000E0AAABAB
884011000001109,Atenolol 50mg tablets (Sandoz Ltd),884011000001109,amp,0204000E0AAABAB
8750211000001105,Atenolol 50mg tablets (Ranbaxy (UK) Ltd),8750211000001105,amp,0204000E0AAABAB
9791711000001104,Atenolol 50mg tablets (Almus Pharmaceuticals Ltd),9791711000001104,amp,0204000E0AAABAB
10383111000001100,Atenolol 50mg tablets (Arrow Generics Ltd),10383111000001100,amp,0204000E0AAABAB
11177311000001101,Atenolol 50mg tablets (Zentiva),11177311000001101,amp,0204000E0AAABAB
13740311000001104,Atenolol 50mg tablets (Tillomed Laboratories Ltd),13740311000001104,amp,0204000E0AAABAB
14802011000001109,Atenolol 50mg tablets (Boston Healthcare Ltd),14802011000001109,amp,0204000E0AAABAB
15968211000001100,Atenolol 50mg tablets (Zanza Specials International Ltd),15968211000001100,amp,0204000E0AAABAB
15986411000001104,Atenolol 50mg tablets (Bristol Laboratories Ltd),15986411000001104,amp,0204000E0AAABAB
17788311000001101,Atenolol 50mg tablets (Phoenix Healthcare Distribution Ltd),17788311000001101,amp,0204000E0AAABAB
18279911000001104,Atenolol 50mg tablets (Strides Pharma UK Ltd),18279911000001104,amp,0204000E0AAABAB
18458611000001100,Atenolol 50mg tablets (Accord Healthcare Ltd),18458611000001100,amp,0204000E0AAABAB
21778811000001101,Atenolol 50mg tablets (Waymade Healthcare Plc),21778811000001101,amp,0204000E0AAABAB
22612611000001101,Atenolol 50mg tablets (DE Pharmaceuticals),22612611000001101,amp,0204000E0AAABAB
28945211000001109,Atenolol 50mg tablets (Crescent Pharma Ltd),28945211000001109,amp,0204000E0AAABAB
29771711000001105,Atenolol 50mg tablets (Sigma Pharmaceuticals Plc),29771711000001105,amp,0204000E0AAABAB
29997211000001107,Atenolol 50mg tablets (Mawdsley-Brooks & Company Ltd),29997211000001107,amp,0204000E0AAABAB
35592111000001103,Atenolol 50mg tablets (RX Farma),35592111000001103,amp,0204000E0AAABAB
35311000001104,Atenolol 100mg tablets (Mylan),35311000001104,amp,0204000E0AAACAC
275811000001103,Atenolol 100mg tablets (Actavis UK Ltd),275811000001103,amp,0204000E0AAACAC
282111000001106,Atenolol 100mg tablets (Sandoz Ltd),282111000001106,amp,0204000E0AAACAC
417811000001102,Atenolol 100mg tablets (Wockhardt UK Ltd),417811000001102,amp,0204000E0AAACAC
422011000001104,Atenolol 100mg tablets (A A H Pharmaceuticals Ltd),422011000001104,amp,0204000E0AAACAC
542611000001104,Atenolol 100mg tablets (Alliance Healthcare (Distribution) Ltd),542611000001104,amp,0204000E0AAACAC
646611000001108,Atenolol 100mg tablets (IVAX Pharmaceuticals UK Ltd),646611000001108,amp,0204000E0AAACAC
663211000001106,Atenolol 100mg tablets (Sterwin Medicines),663211000001106,amp,0204000E0AAACAC
721711000001100,Atenolol 100mg tablets (Kent Pharmaceuticals Ltd),721711000001100,amp,0204000E0AAACAC
857511000001101,Atenolol 100mg tablets (Teva UK Ltd),857511000001101,amp,0204000E0AAACAC
8973911000001102,Atenolol 100mg tablets (Ranbaxy (UK) Ltd),8973911000001102,amp,0204000E0AAACAC
10383311000001103,Atenolol 100mg tablets (Arrow Generics Ltd),10383311000001103,amp,0204000E0AAACAC
11399511000001103,Atenolol 100mg tablets (Almus Pharmaceuticals Ltd),11399511000001103,amp,0204000E0AAACAC
13740511000001105,Atenolol 100mg tablets (Tillomed Laboratories Ltd),13740511000001105,amp,0204000E0AAACAC
14802211000001104,Atenolol 100mg tablets (Boston Healthcare Ltd),14802211000001104,amp,0204000E0AAACAC
15070011000001107,Atenolol 100mg tablets (Sigma Pharmaceuticals Plc),15070011000001107,amp,0204000E0AAACAC
15967811000001103,Atenolol 100mg tablets (Zanza Specials International Ltd),15967811000001103,amp,0204000E0AAACAC
15986011000001108,Atenolol 100mg tablets (Bristol Laboratories Ltd),15986011000001108,amp,0204000E0AAACAC
17788511000001107,Atenolol 100mg tablets (Phoenix Healthcare Distribution Ltd),17788511000001107,amp,0204000E0AAACAC
18279711000001101,Atenolol 100mg tablets (Strides Pharma UK Ltd),18279711000001101,amp,0204000E0AAACAC
18458811000001101,Atenolol 100mg tablets (Accord Healthcare Ltd),18458811000001101,amp,0204000E0AAACAC
21779011000001102,Atenolol 100mg tablets (Waymade Healthcare Plc),21779011000001102,amp,0204000E0AAACAC
22612211000001103,Atenolol 100mg tablets (DE Pharmaceuticals),22612211000001103,amp,0204000E0AAACAC
28945411000001108,Atenolol 100mg tablets (Crescent Pharma Ltd),28945411000001108,amp,0204000E0AAACAC
29997411000001106,Atenolol 100mg tablets (Mawdsley-Brooks & Company Ltd),29997411000001106,amp,0204000E0AAACAC
35592311000001101,Atenolol 100mg tablets (RX Farma),35592311000001101,amp,0204000E0AAACAC
10811000001107,Atenolol 25mg tablets (A A H Pharmaceuticals Ltd),10811000001107,amp,0204000E0AAAGAG
47711000001105,Atenolol 25mg tablets (Alliance Healthcare (Distribution) Ltd),47711000001105,amp,0204000E0AAAGAG
244111000001105,Atenolol 25mg tablets (Actavis UK Ltd),244111000001105,amp,0204000E0AAAGAG
375411000001106,Atenolol 25mg tablets (Wockhardt UK Ltd),375411000001106,amp,0204000E0AAAGAG
393011000001109,Atenolol 25mg tablets (Sandoz Ltd),393011000001109,amp,0204000E0AAAGAG
600811000001101,Atenolol 25mg tablets (IVAX Pharmaceuticals UK Ltd),600811000001101,amp,0204000E0AAAGAG
608911000001108,Atenolol 25mg tablets (Sterwin Medicines),608911000001108,amp,0204000E0AAAGAG
623811000001100,Atenolol 25mg tablets (Teva UK Ltd),623811000001100,amp,0204000E0AAAGAG
774211000001105,Atenolol 25mg tablets (Mylan),774211000001105,amp,0204000E0AAAGAG
907211000001102,Atenolol 25mg tablets (Kent Pharmaceuticals Ltd),907211000001102,amp,0204000E0AAAGAG
8749411000001101,Atenolol 25mg tablets (Ranbaxy (UK) Ltd),8749411000001101,amp,0204000E0AAAGAG
9791011000001101,Atenolol 25mg tablets (Almus Pharmaceuticals Ltd),9791011000001101,amp,0204000E0AAAGAG
10382911000001109,Atenolol 25mg tablets (Arrow Generics Ltd),10382911000001109,amp,0204000E0AAAGAG
11177011000001104,Atenolol 25mg tablets (Zentiva),11177011000001104,amp,0204000E0AAAGAG
13740111000001101,Atenolol 25mg tablets (Tillomed Laboratories Ltd),13740111000001101,amp,0204000E0AAAGAG
14801811000001107,Atenolol 25mg tablets (Boston Healthcare Ltd),14801811000001107,amp,0204000E0AAAGAG
15070211000001102,Atenolol 25mg tablets (Sigma Pharmaceuticals Plc),15070211000001102,amp,0204000E0AAAGAG
15968011000001105,Atenolol 25mg tablets (Zanza Specials International Ltd),15968011000001105,amp,0204000E0AAAGAG
15986211000001103,Atenolol 25mg tablets (Bristol Laboratories Ltd),15986211000001103,amp,0204000E0AAAGAG
17787911000001101,Atenolol 25mg tablets (Phoenix Healthcare Distribution Ltd),17787911000001101,amp,0204000E0AAAGAG
18280111000001102,Atenolol 25mg tablets (Strides Pharma UK Ltd),18280111000001102,amp,0204000E0AAAGAG
18458411000001103,Atenolol 25mg tablets (Accord Healthcare Ltd),18458411000001103,amp,0204000E0AAAGAG
20137611000001100,Atenolol 25mg tablets (Crescent Pharma Ltd),20137611000001100,amp,0204000E0AAAGAG
21778611000001100,Atenolol 25mg tablets (Waymade Healthcare Plc),21778611000001100,amp,0204000E0AAAGAG
22612411000001104,Atenolol 25mg tablets (DE Pharmaceuticals),22612411000001104,amp,0204000E0AAAGAG
29997011000001102,Atenolol 25mg tablets (Mawdsley-Brooks & Company Ltd),29997011000001102,amp,0204000E0AAAGAG
11986811000001103,Atenolol 25mg/5ml oral suspension (Special Order),11986811000001103,amp,0204000E0AAANAN
11987111000001108,Atenolol 25mg/5ml oral solution (Special Order),11987111000001108,amp,0204000E0AAANAN
373311000001100,Tenormin 25mg/5ml syrup (AstraZeneca UK Ltd),373311000001100,amp,0204000E0BBABAA
162411000001102,Tenormin 100mg tablets (AstraZeneca UK Ltd),162411000001102,amp,0204000E0BBACAC
317111000001101,Tenormin 25mg tablets (AstraZeneca UK Ltd),317111000001101,amp,0204000E0BBAEAG
423911000001107,Tenormin LS 50mg tablets (AstraZeneca UK Ltd),423911000001107,amp,0204000E0BBAFAB
271911000001106,Atenix 50 tablets (Ashbourne Pharmaceuticals Ltd),271911000001106,amp,0204000E0BCACAB
181611000001107,Atenix 100 tablets (Ashbourne Pharmaceuticals Ltd),181611000001107,amp,0204000E0BCADAC
482511000001101,Atenix 25 tablets (Ashbourne Pharmaceuticals Ltd),482511000001101,amp,0204000E0BCAEAG
877011000001106,Antipressan 25mg tablets (Teva UK Ltd),877011000001106,amp,0204000E0BEACAG
93911000001106,Bisoprolol 5mg tablets (Sterwin Medicines),93911000001106,amp,0204000H0AAAAAA
249811000001104,Bisoprolol 5mg tablets (A A H Pharmaceuticals Ltd),249811000001104,amp,0204000H0AAAAAA
392011000001100,Bisoprolol 5mg tablets (Kent Pharmaceuticals Ltd),392011000001100,amp,0204000H0AAAAAA
433811000001104,Bisoprolol 5mg tablets (IVAX Pharmaceuticals UK Ltd),433811000001104,amp,0204000H0AAAAAA
557311000001108,Bisoprolol 5mg tablets (Alliance Healthcare (Distribution) Ltd),557311000001108,amp,0204000H0AAAAAA
573811000001107,Bisoprolol 5mg tablets (Mylan),573811000001107,amp,0204000H0AAAAAA
653711000001109,Bisoprolol 5mg tablets (Ranbaxy (UK) Ltd),653711000001109,amp,0204000H0AAAAAA
706111000001101,Bisoprolol 5mg tablets (Actavis UK Ltd),706111000001101,amp,0204000H0AAAAAA
853911000001104,Bisoprolol 5mg tablets (Teva UK Ltd),853911000001104,amp,0204000H0AAAAAA
904411000001108,Bisoprolol 5mg tablets (C P Pharmaceuticals Ltd),904411000001108,amp,0204000H0AAAAAA
7376711000001106,Bisoprolol 5mg tablets (Sandoz Ltd),7376711000001106,amp,0204000H0AAAAAA
10285811000001100,Bisoprolol 5mg tablets (Relonchem Ltd),10285811000001100,amp,0204000H0AAAAAA
10288911000001104,Bisoprolol 5mg tablets (Focus Pharmaceuticals Ltd),10288911000001104,amp,0204000H0AAAAAA
10385311000001102,Bisoprolol 5mg tablets (Arrow Generics Ltd),10385311000001102,amp,0204000H0AAAAAA
10438411000001104,Bisoprolol 5mg tablets (Niche Generics Ltd),10438411000001104,amp,0204000H0AAAAAA
14114011000001109,Bisoprolol 5mg tablets (Consilient Health Ltd),14114011000001109,amp,0204000H0AAAAAA
15058811000001101,Bisoprolol 5mg tablets (Sigma Pharmaceuticals Plc),15058811000001101,amp,0204000H0AAAAAA
17807611000001106,Bisoprolol 5mg tablets (Phoenix Healthcare Distribution Ltd),17807611000001106,amp,0204000H0AAAAAA
18497711000001100,Bisoprolol 5mg tablets (Almus Pharmaceuticals Ltd),18497711000001100,amp,0204000H0AAAAAA
19708411000001100,Bisoprolol 5mg tablets (DE Pharmaceuticals),19708411000001100,amp,0204000H0AAAAAA
19734211000001100,Bisoprolol 5mg tablets (Medreich Plc),19734211000001100,amp,0204000H0AAAAAA
21281511000001108,Bisoprolol 5mg tablets (Accord Healthcare Ltd),21281511000001108,amp,0204000H0AAAAAA
21801411000001101,Bisoprolol 5mg tablets (Waymade Healthcare Plc),21801411000001101,amp,0204000H0AAAAAA
30003311000001104,Bisoprolol 5mg tablets (Mawdsley-Brooks & Company Ltd),30003311000001104,amp,0204000H0AAAAAA
35138211000001108,Bisoprolol 5mg tablets (Aurobindo Pharma Ltd),35138211000001108,amp,0204000H0AAAAAA
36727511000001103,Bisoprolol 5mg tablets (Noumed Life Sciences Ltd),36727511000001103,amp,0204000H0AAAAAA
13211000001101,Bisoprolol 10mg tablets (Actavis UK Ltd),13211000001101,amp,0204000H0AAABAB
43211000001107,Bisoprolol 10mg tablets (Kent Pharmaceuticals Ltd),43211000001107,amp,0204000H0AAABAB
78411000001104,Bisoprolol 10mg tablets (Ranbaxy (UK) Ltd),78411000001104,amp,0204000H0AAABAB
502311000001102,Bisoprolol 10mg tablets (Mylan),502311000001102,amp,0204000H0AAABAB
561511000001101,Bisoprolol 10mg tablets (Alliance Healthcare (Distribution) Ltd),561511000001101,amp,0204000H0AAABAB
589411000001102,Bisoprolol 10mg tablets (C P Pharmaceuticals Ltd),589411000001102,amp,0204000H0AAABAB
632011000001104,Bisoprolol 10mg tablets (A A H Pharmaceuticals Ltd),632011000001104,amp,0204000H0AAABAB
634311000001108,Bisoprolol 10mg tablets (Sterwin Medicines),634311000001108,amp,0204000H0AAABAB
841811000001108,Bisoprolol 10mg tablets (IVAX Pharmaceuticals UK Ltd),841811000001108,amp,0204000H0AAABAB
888911000001101,Bisoprolol 10mg tablets (Teva UK Ltd),888911000001101,amp,0204000H0AAABAB
7376911000001108,Bisoprolol 10mg tablets (Sandoz Ltd),7376911000001108,amp,0204000H0AAABAB
10285411000001102,Bisoprolol 10mg tablets (Relonchem Ltd),10285411000001102,amp,0204000H0AAABAB
10288511000001106,Bisoprolol 10mg tablets (Focus Pharmaceuticals Ltd),10288511000001106,amp,0204000H0AAABAB
10385511000001108,Bisoprolol 10mg tablets (Arrow Generics Ltd),10385511000001108,amp,0204000H0AAABAB
10437911000001106,Bisoprolol 10mg tablets (Niche Generics Ltd),10437911000001106,amp,0204000H0AAABAB
14114311000001107,Bisoprolol 10mg tablets (Consilient Health Ltd),14114311000001107,amp,0204000H0AAABAB
15058011000001107,Bisoprolol 10mg tablets (Sigma Pharmaceuticals Plc),15058011000001107,amp,0204000H0AAABAB
17808111000001102,Bisoprolol 10mg tablets (Phoenix Healthcare Distribution Ltd),17808111000001102,amp,0204000H0AAABAB
18497911000001103,Bisoprolol 10mg tablets (Almus Pharmaceuticals Ltd),18497911000001103,amp,0204000H0AAABAB
19734511000001102,Bisoprolol 10mg tablets (Medreich Plc),19734511000001102,amp,0204000H0AAABAB
21281711000001103,Bisoprolol 10mg tablets (Accord Healthcare Ltd),21281711000001103,amp,0204000H0AAABAB
21803111000001107,Bisoprolol 10mg tablets (Waymade Healthcare Plc),21803111000001107,amp,0204000H0AAABAB
22621611000001102,Bisoprolol 10mg tablets (DE Pharmaceuticals),22621611000001102,amp,0204000H0AAABAB
30003511000001105,Bisoprolol 10mg tablets (Mawdsley-Brooks & Company Ltd),30003511000001105,amp,0204000H0AAABAB
35138711000001101,Bisoprolol 10mg tablets (Aurobindo Pharma Ltd),35138711000001101,amp,0204000H0AAABAB
36728011000001107,Bisoprolol 10mg tablets (Noumed Life Sciences Ltd),36728011000001107,amp,0204000H0AAABAB
10740811000001109,Bisoprolol 2.5mg tablets (Alliance Healthcare (Distribution) Ltd),10740811000001109,amp,0204000H0AAAJAJ
10743711000001105,Bisoprolol 2.5mg tablets (A A H Pharmaceuticals Ltd),10743711000001105,amp,0204000H0AAAJAJ
13436211000001103,Bisoprolol 2.5mg tablets (Mylan),13436211000001103,amp,0204000H0AAAJAJ
15058411000001103,Bisoprolol 2.5mg tablets (Sigma Pharmaceuticals Plc),15058411000001103,amp,0204000H0AAAJAJ
17012411000001106,Bisoprolol 2.5mg tablets (Healthcare Pharma Ltd),17012411000001106,amp,0204000H0AAAJAJ
17328511000001103,Bisoprolol 2.5mg tablets (Actavis UK Ltd),17328511000001103,amp,0204000H0AAAJAJ
17807211000001109,Bisoprolol 2.5mg tablets (Phoenix Healthcare Distribution Ltd),17807211000001109,amp,0204000H0AAAJAJ
18506411000001104,Bisoprolol 2.5mg tablets (Almus Pharmaceuticals Ltd),18506411000001104,amp,0204000H0AAAJAJ
18553111000001106,Bisoprolol 2.5mg tablets (Niche Generics Ltd),18553111000001106,amp,0204000H0AAAJAJ
19708011000001109,Bisoprolol 2.5mg tablets (DE Pharmaceuticals),19708011000001109,amp,0204000H0AAAJAJ
20283611000001102,Bisoprolol 2.5mg tablets (Sandoz Ltd),20283611000001102,amp,0204000H0AAAJAJ
20577811000001109,Bisoprolol 2.5mg tablets (Zentiva),20577811000001109,amp,0204000H0AAAJAJ
21108211000001103,Bisoprolol 2.5mg tablets (Teva UK Ltd),21108211000001103,amp,0204000H0AAAJAJ
21281311000001102,Bisoprolol 2.5mg tablets (Accord Healthcare Ltd),21281311000001102,amp,0204000H0AAAJAJ
21802011000001102,Bisoprolol 2.5mg tablets (Waymade Healthcare Plc),21802011000001102,amp,0204000H0AAAJAJ
22496711000001105,Bisoprolol 2.5mg tablets (Medreich Plc),22496711000001105,amp,0204000H0AAAJAJ
30002511000001103,Bisoprolol 2.5mg tablets (Mawdsley-Brooks & Company Ltd),30002511000001103,amp,0204000H0AAAJAJ
32396311000001101,Bisoprolol 2.5mg tablets (Kent Pharmaceuticals Ltd),32396311000001101,amp,0204000H0AAAJAJ
35137811000001105,Bisoprolol 2.5mg tablets (Aurobindo Pharma Ltd),35137811000001105,amp,0204000H0AAAJAJ
36727311000001109,Bisoprolol 2.5mg tablets (Noumed Life Sciences Ltd),36727311000001109,amp,0204000H0AAAJAJ
10741011000001107,Bisoprolol 3.75mg tablets (Alliance Healthcare (Distribution) Ltd),10741011000001107,amp,0204000H0AAAKAK
13919311000001107,Bisoprolol 3.75mg tablets (A A H Pharmaceuticals Ltd),13919311000001107,amp,0204000H0AAAKAK
15059211000001107,Bisoprolol 3.75mg tablets (Sigma Pharmaceuticals Plc),15059211000001107,amp,0204000H0AAAKAK
17012611000001109,Bisoprolol 3.75mg tablets (Healthcare Pharma Ltd),17012611000001109,amp,0204000H0AAAKAK
18084911000001102,Bisoprolol 3.75mg tablets (Phoenix Healthcare Distribution Ltd),18084911000001102,amp,0204000H0AAAKAK
18506611000001101,Bisoprolol 3.75mg tablets (Almus Pharmaceuticals Ltd),18506611000001101,amp,0204000H0AAAKAK
18743711000001108,Bisoprolol 3.75mg tablets (Teva UK Ltd),18743711000001108,amp,0204000H0AAAKAK
19708211000001104,Bisoprolol 3.75mg tablets (DE Pharmaceuticals),19708211000001104,amp,0204000H0AAAKAK
20283811000001103,Bisoprolol 3.75mg tablets (Sandoz Ltd),20283811000001103,amp,0204000H0AAAKAK
20357211000001108,Bisoprolol 3.75mg tablets (Actavis UK Ltd),20357211000001108,amp,0204000H0AAAKAK
21802311000001104,Bisoprolol 3.75mg tablets (Waymade Healthcare Plc),21802311000001104,amp,0204000H0AAAKAK
22495711000001102,Bisoprolol 3.75mg tablets (Medreich Plc),22495711000001102,amp,0204000H0AAAKAK
30002911000001105,Bisoprolol 3.75mg tablets (Mawdsley-Brooks & Company Ltd),30002911000001105,amp,0204000H0AAAKAK
32396511000001107,Bisoprolol 3.75mg tablets (Kent Pharmaceuticals Ltd),32396511000001107,amp,0204000H0AAAKAK
33565611000001109,Bisoprolol 3.75mg tablets (Mylan),33565611000001109,amp,0204000H0AAAKAK
35138011000001103,Bisoprolol 3.75mg tablets (Aurobindo Pharma Ltd),35138011000001103,amp,0204000H0AAAKAK
10741211000001102,Bisoprolol 7.5mg tablets (Alliance Healthcare (Distribution) Ltd),10741211000001102,amp,0204000H0AAALAL
13919811000001103,Bisoprolol 7.5mg tablets (A A H Pharmaceuticals Ltd),13919811000001103,amp,0204000H0AAALAL
15059711000001100,Bisoprolol 7.5mg tablets (Sigma Pharmaceuticals Plc),15059711000001100,amp,0204000H0AAALAL
18506811000001102,Bisoprolol 7.5mg tablets (Almus Pharmaceuticals Ltd),18506811000001102,amp,0204000H0AAALAL
19708611000001102,Bisoprolol 7.5mg tablets (DE Pharmaceuticals),19708611000001102,amp,0204000H0AAALAL
20284011000001106,Bisoprolol 7.5mg tablets (Sandoz Ltd),20284011000001106,amp,0204000H0AAALAL
21802711000001100,Bisoprolol 7.5mg tablets (Waymade Healthcare Plc),21802711000001100,amp,0204000H0AAALAL
22203811000001105,Bisoprolol 7.5mg tablets (Phoenix Healthcare Distribution Ltd),22203811000001105,amp,0204000H0AAALAL
22496111000001109,Bisoprolol 7.5mg tablets (Medreich Plc),22496111000001109,amp,0204000H0AAALAL
28237411000001104,Bisoprolol 7.5mg tablets (Healthcare Pharma Ltd),28237411000001104,amp,0204000H0AAALAL
32396711000001102,Bisoprolol 7.5mg tablets (Kent Pharmaceuticals Ltd),32396711000001102,amp,0204000H0AAALAL
32807411000001109,Bisoprolol 7.5mg tablets (Creo Pharma Ltd),32807411000001109,amp,0204000H0AAALAL
33572411000001107,Bisoprolol 7.5mg tablets (Mylan),33572411000001107,amp,0204000H0AAALAL
35138511000001106,Bisoprolol 7.5mg tablets (Aurobindo Pharma Ltd),35138511000001106,amp,0204000H0AAALAL
10740611000001105,Bisoprolol 1.25mg tablets (Alliance Healthcare (Distribution) Ltd),10740611000001105,amp,0204000H0AAAMAM
11252511000001108,Bisoprolol 1.25mg tablets (A A H Pharmaceuticals Ltd),11252511000001108,amp,0204000H0AAAMAM
13436011000001108,Bisoprolol 1.25mg tablets (Mylan),13436011000001108,amp,0204000H0AAAMAM
15057811000001100,Bisoprolol 1.25mg tablets (Sigma Pharmaceuticals Plc),15057811000001100,amp,0204000H0AAAMAM
17012211000001107,Bisoprolol 1.25mg tablets (Healthcare Pharma Ltd),17012211000001107,amp,0204000H0AAAMAM
17806811000001108,Bisoprolol 1.25mg tablets (Phoenix Healthcare Distribution Ltd),17806811000001108,amp,0204000H0AAAMAM
18506211000001103,Bisoprolol 1.25mg tablets (Almus Pharmaceuticals Ltd),18506211000001103,amp,0204000H0AAAMAM
19707811000001102,Bisoprolol 1.25mg tablets (DE Pharmaceuticals),19707811000001102,amp,0204000H0AAAMAM
20283411000001100,Bisoprolol 1.25mg tablets (Sandoz Ltd),20283411000001100,amp,0204000H0AAAMAM
20358011000001102,Bisoprolol 1.25mg tablets (Actavis UK Ltd),20358011000001102,amp,0204000H0AAAMAM
21105111000001104,Bisoprolol 1.25mg tablets (Teva UK Ltd),21105111000001104,amp,0204000H0AAAMAM
21800411000001105,Bisoprolol 1.25mg tablets (Waymade Healthcare Plc),21800411000001105,amp,0204000H0AAAMAM
22495911000001100,Bisoprolol 1.25mg tablets (Medreich Plc),22495911000001100,amp,0204000H0AAAMAM
30001311000001100,Bisoprolol 1.25mg tablets (Mawdsley-Brooks & Company Ltd),30001311000001100,amp,0204000H0AAAMAM
32396111000001103,Bisoprolol 1.25mg tablets (Kent Pharmaceuticals Ltd),32396111000001103,amp,0204000H0AAAMAM
35137411000001108,Bisoprolol 1.25mg tablets (Aurobindo Pharma Ltd),35137411000001108,amp,0204000H0AAAMAM
12233411000001102,Bisoprolol 10mg/5ml oral suspension (Special Order),12233411000001102,amp,0204000H0AAARAR
12233711000001108,Bisoprolol 10mg/5ml oral solution (Special Order),12233711000001108,amp,0204000H0AAARAR
14156711000001105,Bisoprolol 7.5mg/5ml oral solution (Special Order),14156711000001105,amp,0204000H0AABBBB
14157011000001106,Bisoprolol 7.5mg/5ml oral suspension (Special Order),14157011000001106,amp,0204000H0AABBBB
15159011000001109,Bisoprolol 625micrograms/5ml oral solution (Special Order),15159011000001109,amp,0204000H0AABDBD
15159311000001107,Bisoprolol 625micrograms/5ml oral suspension (Special Order),15159311000001107,amp,0204000H0AABDBD
12234411000001104,Bisoprolol 2.5mg/5ml oral solution (Drug Tariff Special Order),12234411000001104,amp,0204000H0AABEBE
12234011000001108,Bisoprolol 2.5mg/5ml oral suspension (Drug Tariff Special Order),12234011000001108,amp,0204000H0AABFBF
8296111000001104,Bisoprolol 5mg/5ml oral solution (Drug Tariff Special Order),8296111000001104,amp,0204000H0AABGBG
8297411000001106,Bisoprolol 5mg/5ml oral suspension (Drug Tariff Special Order),8297411000001106,amp,0204000H0AABHBH
8296611000001107,Bisoprolol 1.25mg/5ml oral suspension (Drug Tariff Special Order),8296611000001107,amp,0204000H0AABIBI
8294811000001104,Bisoprolol 1.25mg/5ml oral solution (Drug Tariff Special Order),8294811000001104,amp,0204000H0AABJBJ
349611000001108,Monocor 5mg tablets (Wyeth Pharmaceuticals),349611000001108,amp,0204000H0BBAAAA
329611000001106,Monocor 10mg tablets (Wyeth Pharmaceuticals),329611000001106,amp,0204000H0BBABAB
483911000001101,Emcor LS 5mg tablets (Merck Serono Ltd),483911000001101,amp,0204000H0BCAAAA
106611000001104,Emcor 10mg tablets (Merck Serono Ltd),106611000001104,amp,0204000H0BCABAB
712511000001106,Cardicor 1.25mg tablets (Merck Serono Ltd),712511000001106,amp,0204000H0BFAAAM
628711000001102,Cardicor 2.5mg tablets (Merck Serono Ltd),628711000001102,amp,0204000H0BFABAJ
823111000001103,Cardicor 3.75mg tablets (Merck Serono Ltd),823111000001103,amp,0204000H0BFACAK
19711000001106,Cardicor 5mg tablets (Merck Serono Ltd),19711000001106,amp,0204000H0BFADAA
404511000001105,Cardicor 7.5mg tablets (Merck Serono Ltd),404511000001105,amp,0204000H0BFAEAL
890111000001100,Cardicor 10mg tablets (Merck Serono Ltd),890111000001100,amp,0204000H0BFAFAB
859411000001109,Soloc 5mg tablets (Mercury Pharma Group Ltd),859411000001109,amp,0204000H0BIAAAA
10241311000001102,Congescor 1.25mg tablets (Tillomed Laboratories Ltd),10241311000001102,amp,0204000H0BKAAAM
10241511000001108,Congescor 2.5mg tablets (Tillomed Laboratories Ltd),10241511000001108,amp,0204000H0BKABAJ
20475811000001108,Congescor 2.5mg tablets (Teva UK Ltd),20475811000001108,amp,0204000H0BKADAJ
2211000001109,Labetalol 100mg tablets (Mylan),2211000001109,amp,0204000I0AAACAC
50911000001108,Labetalol 100mg tablets (A A H Pharmaceuticals Ltd),50911000001108,amp,0204000I0AAACAC
192511000001101,Labetalol 100mg tablets (Kent Pharmaceuticals Ltd),192511000001101,amp,0204000I0AAACAC
211811000001105,Labetalol 100mg tablets (Alliance Healthcare (Distribution) Ltd),211811000001105,amp,0204000I0AAACAC
281111000001101,Labetalol 100mg tablets (Actavis UK Ltd),281111000001101,amp,0204000I0AAACAC
311711000001109,Labetalol 100mg tablets (Sandoz Ltd),311711000001109,amp,0204000I0AAACAC
22055311000001102,Labetalol 100mg tablets (Waymade Healthcare Plc),22055311000001102,amp,0204000I0AAACAC
23951911000001100,Labetalol 100mg tablets (DE Pharmaceuticals),23951911000001100,amp,0204000I0AAACAC
29882111000001109,Labetalol 100mg tablets (Sigma Pharmaceuticals Plc),29882111000001109,amp,0204000I0AAACAC
30217211000001105,Labetalol 100mg tablets (Mawdsley-Brooks & Company Ltd),30217211000001105,amp,0204000I0AAACAC
36536911000001109,Labetalol 100mg tablets (Tillomed Laboratories Ltd),36536911000001109,amp,0204000I0AAACAC
22311000001107,Labetalol 200mg tablets (A A H Pharmaceuticals Ltd),22311000001107,amp,0204000I0AAADAD
99411000001101,Labetalol 200mg tablets (Mylan),99411000001101,amp,0204000I0AAADAD
265911000001104,Labetalol 200mg tablets (Actavis UK Ltd),265911000001104,amp,0204000I0AAADAD
341511000001108,Labetalol 200mg tablets (Sandoz Ltd),341511000001108,amp,0204000I0AAADAD
806211000001105,Labetalol 200mg tablets (Alliance Healthcare (Distribution) Ltd),806211000001105,amp,0204000I0AAADAD
846811000001103,Labetalol 200mg tablets (Kent Pharmaceuticals Ltd),846811000001103,amp,0204000I0AAADAD
22055511000001108,Labetalol 200mg tablets (Waymade Healthcare Plc),22055511000001108,amp,0204000I0AAADAD
23952111000001108,Labetalol 200mg tablets (DE Pharmaceuticals),23952111000001108,amp,0204000I0AAADAD
29882311000001106,Labetalol 200mg tablets (Sigma Pharmaceuticals Plc),29882311000001106,amp,0204000I0AAADAD
36537111000001109,Labetalol 200mg tablets (Tillomed Laboratories Ltd),36537111000001109,amp,0204000I0AAADAD
166411000001101,Labetalol 400mg tablets (Mylan),166411000001101,amp,0204000I0AAAEAE
179211000001104,Labetalol 400mg tablets (Actavis UK Ltd),179211000001104,amp,0204000I0AAAEAE
246511000001107,Labetalol 400mg tablets (A A H Pharmaceuticals Ltd),246511000001107,amp,0204000I0AAAEAE
295111000001100,Labetalol 400mg tablets (Alliance Healthcare (Distribution) Ltd),295111000001100,amp,0204000I0AAAEAE
296411000001101,Labetalol 400mg tablets (Kent Pharmaceuticals Ltd),296411000001101,amp,0204000I0AAAEAE
929111000001109,Labetalol 400mg tablets (Sandoz Ltd),929111000001109,amp,0204000I0AAAEAE
17929411000001101,Labetalol 400mg tablets (Phoenix Healthcare Distribution Ltd),17929411000001101,amp,0204000I0AAAEAE
22055711000001103,Labetalol 400mg tablets (Waymade Healthcare Plc),22055711000001103,amp,0204000I0AAAEAE
23952311000001105,Labetalol 400mg tablets (DE Pharmaceuticals),23952311000001105,amp,0204000I0AAAEAE
29882511000001100,Labetalol 400mg tablets (Sigma Pharmaceuticals Plc),29882511000001100,amp,0204000I0AAAEAE
8563811000001106,Labetalol 50mg/5ml oral solution (Special Order),8563811000001106,amp,0204000I0AAAIAI
8564111000001102,Labetalol 50mg/5ml oral suspension (Special Order),8564111000001102,amp,0204000I0AAAIAI
8557811000001106,Labetalol 200mg/5ml oral solution (Special Order),8557811000001106,amp,0204000I0AAAJAJ
8558111000001103,Labetalol 200mg/5ml oral suspension (Special Order),8558111000001103,amp,0204000I0AAAJAJ
8556511000001106,Labetalol 25mg/5ml oral solution (Special Order),8556511000001106,amp,0204000I0AAAKAK
8557111000001104,Labetalol 25mg/5ml oral suspension (Special Order),8557111000001104,amp,0204000I0AAAKAK
12590811000001108,Labetalol 100mg/5ml oral suspension (Special Order),12590811000001108,amp,0204000I0AAALAL
12591511000001103,Labetalol 100mg/5ml oral solution (Special Order),12591511000001103,amp,0204000I0AAALAL
42611000001104,Trandate 50mg tablets (RPH Pharmaceuticals AB),42611000001104,amp,0204000I0BCAAAB
639011000001106,Trandate 100mg tablets (RPH Pharmaceuticals AB),639011000001106,amp,0204000I0BCABAC
77311000001105,Trandate 200mg tablets (RPH Pharmaceuticals AB),77311000001105,amp,0204000I0BCACAD
674711000001109,Trandate 400mg tablets (RPH Pharmaceuticals AB),674711000001109,amp,0204000I0BCADAE
126811000001105,Metoprolol 50mg tablets (Teva UK Ltd),126811000001105,amp,0204000K0AAABAB
160511000001104,Metoprolol 50mg tablets (Kent Pharmaceuticals Ltd),160511000001104,amp,0204000K0AAABAB
378011000001105,Metoprolol 50mg tablets (Alliance Healthcare (Distribution) Ltd),378011000001105,amp,0204000K0AAABAB
393511000001101,Metoprolol 50mg tablets (A A H Pharmaceuticals Ltd),393511000001101,amp,0204000K0AAABAB
407511000001102,Metoprolol 50mg tablets (IVAX Pharmaceuticals UK Ltd),407511000001102,amp,0204000K0AAABAB
482411000001100,Metoprolol 50mg tablets (The Boots Company Plc),482411000001100,amp,0204000K0AAABAB
499011000001103,Metoprolol 50mg tablets (Actavis UK Ltd),499011000001103,amp,0204000K0AAABAB
519211000001104,Metoprolol 50mg tablets (Sandoz Ltd),519211000001104,amp,0204000K0AAABAB
683311000001100,Metoprolol 50mg tablets (Mylan),683311000001100,amp,0204000K0AAABAB
11406211000001101,Metoprolol 50mg tablets (Almus Pharmaceuticals Ltd),11406211000001101,amp,0204000K0AAABAB
15110511000001101,Metoprolol 50mg tablets (Sigma Pharmaceuticals Plc),15110511000001101,amp,0204000K0AAABAB
21286311000001105,Metoprolol 50mg tablets (Accord Healthcare Ltd),21286311000001105,amp,0204000K0AAABAB
21798411000001108,Metoprolol 50mg tablets (Waymade Healthcare Plc),21798411000001108,amp,0204000K0AAABAB
24383811000001108,Metoprolol 50mg tablets (DE Pharmaceuticals),24383811000001108,amp,0204000K0AAABAB
35167811000001103,Metoprolol 50mg tablets (Milpharm Ltd),35167811000001103,amp,0204000K0AAABAB
36610411000001100,Metoprolol 50mg tablets (Bristol Laboratories Ltd),36610411000001100,amp,0204000K0AAABAB
37120911000001103,Metoprolol 50mg tablets (Mawdsley-Brooks & Company Ltd),37120911000001103,amp,0204000K0AAABAB
89911000001105,Metoprolol 100mg tablets (Teva UK Ltd),89911000001105,amp,0204000K0AAACAC
121711000001108,Metoprolol 100mg tablets (A A H Pharmaceuticals Ltd),121711000001108,amp,0204000K0AAACAC
203711000001103,Metoprolol 100mg tablets (IVAX Pharmaceuticals UK Ltd),203711000001103,amp,0204000K0AAACAC
497611000001100,Metoprolol 100mg tablets (Mylan),497611000001100,amp,0204000K0AAACAC
573311000001103,Metoprolol 100mg tablets (Sandoz Ltd),573311000001103,amp,0204000K0AAACAC
610811000001104,Metoprolol 100mg tablets (Alliance Healthcare (Distribution) Ltd),610811000001104,amp,0204000K0AAACAC
622511000001105,Metoprolol 100mg tablets (The Boots Company Plc),622511000001105,amp,0204000K0AAACAC
834111000001104,Metoprolol 100mg tablets (Actavis UK Ltd),834111000001104,amp,0204000K0AAACAC
927811000001105,Metoprolol 100mg tablets (Kent Pharmaceuticals Ltd),927811000001105,amp,0204000K0AAACAC
11406511000001103,Metoprolol 100mg tablets (Almus Pharmaceuticals Ltd),11406511000001103,amp,0204000K0AAACAC
15110311000001107,Metoprolol 100mg tablets (Sigma Pharmaceuticals Plc),15110311000001107,amp,0204000K0AAACAC
17941511000001101,Metoprolol 100mg tablets (Phoenix Healthcare Distribution Ltd),17941511000001101,amp,0204000K0AAACAC
21286511000001104,Metoprolol 100mg tablets (Accord Healthcare Ltd),21286511000001104,amp,0204000K0AAACAC
21799011000001109,Metoprolol 100mg tablets (Waymade Healthcare Plc),21799011000001109,amp,0204000K0AAACAC
24383511000001105,Metoprolol 100mg tablets (DE Pharmaceuticals),24383511000001105,amp,0204000K0AAACAC
35168011000001105,Metoprolol 100mg tablets (Milpharm Ltd),35168011000001105,amp,0204000K0AAACAC
36610711000001106,Metoprolol 100mg tablets (Bristol Laboratories Ltd),36610711000001106,amp,0204000K0AAACAC
37121211000001101,Metoprolol 100mg tablets (Mawdsley-Brooks & Company Ltd),37121211000001101,amp,0204000K0AAACAC
16632111000001104,Metoprolol 12.5mg capsules (Special Order),16632111000001104,amp,0204000K0AAAFAF
8632011000001106,Metoprolol 10mg/5ml oral solution (Special Order),8632011000001106,amp,0204000K0AAAMAM
8633111000001101,Metoprolol 10mg/5ml oral suspension (Special Order),8633111000001101,amp,0204000K0AAAMAM
8636311000001108,Metoprolol 5mg/5ml oral solution (Special Order),8636311000001108,amp,0204000K0AAANAN
8636611000001103,Metoprolol 5mg/5ml oral suspension (Special Order),8636611000001103,amp,0204000K0AAANAN
8634111000001104,Metoprolol 25mg/5ml oral solution (Special Order),8634111000001104,amp,0204000K0AAASAS
8634611000001107,Metoprolol 25mg/5ml oral suspension (Special Order),8634611000001107,amp,0204000K0AAASAS
8635811000001107,Metoprolol 50mg/5ml oral suspension (Special Order),8635811000001107,amp,0204000K0AAATAT
12957011000001100,Metoprolol 6.25mg/5ml oral solution (Special Order),12957011000001100,amp,0204000K0AABBBB
8633011000001102,Metoprolol 12.5mg/5ml oral solution (Drug Tariff Special Order),8633011000001102,amp,0204000K0AABKBK
8633711000001100,Metoprolol 12.5mg/5ml oral suspension (Drug Tariff Special Order),8633711000001100,amp,0204000K0AABLBL
8635411000001105,Metoprolol 50mg/5ml oral solution (Drug Tariff Special Order),8635411000001105,amp,0204000K0AABMBM
31811000001105,Betaloc 50mg tablets (AstraZeneca UK Ltd),31811000001105,amp,0204000K0BBAAAB
193911000001101,Betaloc 100mg tablets (AstraZeneca UK Ltd),193911000001101,amp,0204000K0BBABAC
185111000001102,Betaloc-SA 200mg tablets (AstraZeneca UK Ltd),185111000001102,amp,0204000K0BBADAD
113511000001109,Lopresor 50mg tablets (Recordati Pharmaceuticals Ltd),113511000001109,amp,0204000K0BDAAAB
756911000001107,Lopresor 100mg tablets (Recordati Pharmaceuticals Ltd),756911000001107,amp,0204000K0BDABAC
916111000001108,Lopresor SR 200mg tablets (Recordati Pharmaceuticals Ltd),916111000001108,amp,0204000K0BDACAD
27982111000001108,Nadolol 40mg tablets (Special Order),27982111000001108,amp,0204000M0AAAAAA
12251411000001100,Nadolol 40mg/5ml oral solution (Special Order),12251411000001100,amp,0204000M0AAACAC
27881211000001102,Nadolol 10mg/5ml oral solution (Special Order),27881211000001102,amp,0204000M0AAADAD
27881511000001104,Nadolol 10mg/5ml oral suspension (Special Order),27881511000001104,amp,0204000M0AAADAD
15173711000001106,Nadolol 80mg/5ml oral solution (Special Order),15173711000001106,amp,0204000M0AAAEAE
15174011000001106,Nadolol 80mg/5ml oral suspension (Special Order),15174011000001106,amp,0204000M0AAAEAE
16104011000001102,Nadolol 30mg/5ml oral solution (Special Order),16104011000001102,amp,0204000M0AAAFAF
16127311000001104,Nadolol 20mg/5ml oral solution (Special Order),16127311000001104,amp,0204000M0AAAGAG
16127611000001109,Nadolol 20mg/5ml oral suspension (Drug Tariff Special Order),16127611000001109,amp,0204000M0AAAHAH
16104311000001104,Nadolol 30mg/5ml oral suspension (Drug Tariff Special Order),16104311000001104,amp,0204000M0AAAIAI
12250011000001100,Nadolol 40mg/5ml oral suspension (Drug Tariff Special Order),12250011000001100,amp,0204000M0AAAJAJ
32708511000001109,Nadolol 25mg/5ml oral solution (Special Order),32708511000001109,amp,0204000M0AAAKAK
3687411000001106,Corgard 80mg tablets (Sanofi),3687411000001106,amp,0204000M0BBABAB
20359911000001106,Oxprenolol 20mg tablets (Alliance Healthcare (Distribution) Ltd),20359911000001106,amp,0204000N0AAABAB
20365011000001102,Oxprenolol 20mg tablets (A A H Pharmaceuticals Ltd),20365011000001102,amp,0204000N0AAABAB
20464711000001106,Oxprenolol 20mg tablets (Advanz Pharma),20464711000001106,amp,0204000N0AAABAB
20360111000001109,Oxprenolol 40mg tablets (Alliance Healthcare (Distribution) Ltd),20360111000001109,amp,0204000N0AAACAC
20365211000001107,Oxprenolol 40mg tablets (A A H Pharmaceuticals Ltd),20365211000001107,amp,0204000N0AAACAC
20464511000001101,Oxprenolol 40mg tablets (Advanz Pharma),20464511000001101,amp,0204000N0AAACAC
20464311000001107,Oxprenolol 80mg tablets (Sovereign Medical Ltd),20464311000001107,amp,0204000N0AAADAD
20638611000001102,Oxprenolol 80mg tablets (A A H Pharmaceuticals Ltd),20638611000001102,amp,0204000N0AAADAD
473011000001107,Slow-Trasicor 160mg tablets (Advanz Pharma),473011000001107,amp,0204000N0BEAAAF
592911000001104,Trasicor 40mg tablets (Amdipharm Plc),592911000001104,amp,0204000N0BFABAC
3705711000001103,Pindolol 5mg tablets (Alliance Healthcare (Distribution) Ltd),3705711000001103,amp,0204000P0AAAAAA
3706411000001100,Pindolol 5mg tablets (Mylan),3706411000001100,amp,0204000P0AAAAAA
3707011000001107,Pindolol 5mg tablets (A A H Pharmaceuticals Ltd),3707011000001107,amp,0204000P0AAAAAA
17878311000001107,Pindolol 5mg tablets (Phoenix Healthcare Distribution Ltd),17878311000001107,amp,0204000P0AAAAAA
21847911000001109,Pindolol 5mg tablets (Waymade Healthcare Plc),21847911000001109,amp,0204000P0AAAAAA
29985611000001103,Pindolol 5mg tablets (Sigma Pharmaceuticals Plc),29985611000001103,amp,0204000P0AAAAAA
30077011000001104,Pindolol 5mg tablets (DE Pharmaceuticals),30077011000001104,amp,0204000P0AAAAAA
3706111000001105,Visken 5mg tablets (Advanz Pharma),3706111000001105,amp,0204000P0BBAAAA
3887411000001101,Visken 15mg tablets (Advanz Pharma),3887411000001101,amp,0204000P0BBABAB
388811000001109,Propranolol 80mg modified-release capsules (Kent Pharmaceuticals Ltd),388811000001109,amp,0204000R0AAAAAA
8393911000001102,Propranolol 80mg modified-release capsules (Teva UK Ltd),8393911000001102,amp,0204000R0AAAAAA
574311000001101,Propranolol 160mg modified-release capsules (Kent Pharmaceuticals Ltd),574311000001101,amp,0204000R0AAABAB
8394111000001103,Propranolol 160mg modified-release capsules (Teva UK Ltd),8394111000001103,amp,0204000R0AAABAB
98911000001101,Propranolol 10mg tablets (Actavis UK Ltd),98911000001101,amp,0204000R0AAAHAH
163111000001101,Propranolol 10mg tablets (Kent Pharmaceuticals Ltd),163111000001101,amp,0204000R0AAAHAH
212711000001109,Propranolol 10mg tablets (Teva UK Ltd),212711000001109,amp,0204000R0AAAHAH
395011000001105,Propranolol 10mg tablets (IVAX Pharmaceuticals UK Ltd),395011000001105,amp,0204000R0AAAHAH
397911000001104,Propranolol 10mg tablets (Mylan),397911000001104,amp,0204000R0AAAHAH
695911000001104,Propranolol 10mg tablets (A A H Pharmaceuticals Ltd),695911000001104,amp,0204000R0AAAHAH
795211000001104,Propranolol 10mg tablets (Alliance Healthcare (Distribution) Ltd),795211000001104,amp,0204000R0AAAHAH
9153711000001103,Propranolol 10mg tablets (Ranbaxy (UK) Ltd),9153711000001103,amp,0204000R0AAAHAH
9808311000001105,Propranolol 10mg tablets (Almus Pharmaceuticals Ltd),9808311000001105,amp,0204000R0AAAHAH
14782711000001105,Propranolol 10mg tablets (Boston Healthcare Ltd),14782711000001105,amp,0204000R0AAAHAH
17919311000001100,Propranolol 10mg tablets (Phoenix Healthcare Distribution Ltd),17919311000001100,amp,0204000R0AAAHAH
21870211000001103,Propranolol 10mg tablets (Waymade Healthcare Plc),21870211000001103,amp,0204000R0AAAHAH
23489111000001108,Propranolol 10mg tablets (Accord Healthcare Ltd),23489111000001108,amp,0204000R0AAAHAH
30080711000001105,Propranolol 10mg tablets (DE Pharmaceuticals),30080711000001105,amp,0204000R0AAAHAH
36922511000001108,Propranolol 10mg tablets (Relonchem Ltd),36922511000001108,amp,0204000R0AAAHAH
37135411000001101,Propranolol 10mg tablets (Mawdsley-Brooks & Company Ltd),37135411000001101,amp,0204000R0AAAHAH
23611000001107,Propranolol 40mg tablets (Mylan),23611000001107,amp,0204000R0AAAJAJ
92011000001103,Propranolol 40mg tablets (Actavis UK Ltd),92011000001103,amp,0204000R0AAAJAJ
188311000001109,Propranolol 40mg tablets (A A H Pharmaceuticals Ltd),188311000001109,amp,0204000R0AAAJAJ
316911000001101,Propranolol 40mg tablets (Alliance Healthcare (Distribution) Ltd),316911000001101,amp,0204000R0AAAJAJ
502911000001101,Propranolol 40mg tablets (IVAX Pharmaceuticals UK Ltd),502911000001101,amp,0204000R0AAAJAJ
587411000001106,Propranolol 40mg tablets (Kent Pharmaceuticals Ltd),587411000001106,amp,0204000R0AAAJAJ
859211000001105,Propranolol 40mg tablets (Teva UK Ltd),859211000001105,amp,0204000R0AAAJAJ
9153911000001101,Propranolol 40mg tablets (Ranbaxy (UK) Ltd),9153911000001101,amp,0204000R0AAAJAJ
9808611000001100,Propranolol 40mg tablets (Almus Pharmaceuticals Ltd),9808611000001100,amp,0204000R0AAAJAJ
14782911000001107,Propranolol 40mg tablets (Boston Healthcare Ltd),14782911000001107,amp,0204000R0AAAJAJ
17919711000001101,Propranolol 40mg tablets (Phoenix Healthcare Distribution Ltd),17919711000001101,amp,0204000R0AAAJAJ
21870611000001101,Propranolol 40mg tablets (Waymade Healthcare Plc),21870611000001101,amp,0204000R0AAAJAJ
23489711000001109,Propranolol 40mg tablets (Accord Healthcare Ltd),23489711000001109,amp,0204000R0AAAJAJ
30080911000001107,Propranolol 40mg tablets (DE Pharmaceuticals),30080911000001107,amp,0204000R0AAAJAJ
36922911000001101,Propranolol 40mg tablets (Relonchem Ltd),36922911000001101,amp,0204000R0AAAJAJ
37135611000001103,Propranolol 40mg tablets (Mawdsley-Brooks & Company Ltd),37135611000001103,amp,0204000R0AAAJAJ
59811000001107,Propranolol 80mg tablets (Teva UK Ltd),59811000001107,amp,0204000R0AAAKAK
650311000001104,Propranolol 80mg tablets (Alliance Healthcare (Distribution) Ltd),650311000001104,amp,0204000R0AAAKAK
694511000001105,Propranolol 80mg tablets (Mylan),694511000001105,amp,0204000R0AAAKAK
710011000001102,Propranolol 80mg tablets (Kent Pharmaceuticals Ltd),710011000001102,amp,0204000R0AAAKAK
763811000001100,Propranolol 80mg tablets (A A H Pharmaceuticals Ltd),763811000001100,amp,0204000R0AAAKAK
860111000001103,Propranolol 80mg tablets (Actavis UK Ltd),860111000001103,amp,0204000R0AAAKAK
9154111000001102,Propranolol 80mg tablets (Ranbaxy (UK) Ltd),9154111000001102,amp,0204000R0AAAKAK
14783111000001103,Propranolol 80mg tablets (Boston Healthcare Ltd),14783111000001103,amp,0204000R0AAAKAK
21870811000001102,Propranolol 80mg tablets (Waymade Healthcare Plc),21870811000001102,amp,0204000R0AAAKAK
23490311000001100,Propranolol 80mg tablets (Accord Healthcare Ltd),23490311000001100,amp,0204000R0AAAKAK
30081111000001103,Propranolol 80mg tablets (DE Pharmaceuticals),30081111000001103,amp,0204000R0AAAKAK
36922711000001103,Propranolol 80mg tablets (Relonchem Ltd),36922711000001103,amp,0204000R0AAAKAK
37135811000001104,Propranolol 80mg tablets (Mawdsley-Brooks & Company Ltd),37135811000001104,amp,0204000R0AAAKAK
34011000001101,Propranolol 160mg tablets (Teva UK Ltd),34011000001101,amp,0204000R0AAALAL
146511000001105,Propranolol 160mg tablets (Alliance Healthcare (Distribution) Ltd),146511000001105,amp,0204000R0AAALAL
582811000001105,Propranolol 160mg tablets (Mylan),582811000001105,amp,0204000R0AAALAL
696011000001107,Propranolol 160mg tablets (Actavis UK Ltd),696011000001107,amp,0204000R0AAALAL
785011000001105,Propranolol 160mg tablets (Kent Pharmaceuticals Ltd),785011000001105,amp,0204000R0AAALAL
812211000001106,Propranolol 160mg tablets (A A H Pharmaceuticals Ltd),812211000001106,amp,0204000R0AAALAL
9154311000001100,Propranolol 160mg tablets (Ranbaxy (UK) Ltd),9154311000001100,amp,0204000R0AAALAL
15178011000001102,Propranolol 160mg tablets (Sigma Pharmaceuticals Plc),15178011000001102,amp,0204000R0AAALAL
21871011000001104,Propranolol 160mg tablets (Waymade Healthcare Plc),21871011000001104,amp,0204000R0AAALAL
30081311000001101,Propranolol 160mg tablets (DE Pharmaceuticals),30081311000001101,amp,0204000R0AAALAL
13190311000001102,Propranolol 50mg/5ml oral suspension (Special Order),13190311000001102,amp,0204000R0AACHCH
13191211000001104,Propranolol 50mg/5ml oral solution (Special Order),13191211000001104,amp,0204000R0AACHCH
13190611000001107,Propranolol 5mg/5ml oral suspension (Special Order),13190611000001107,amp,0204000R0AACICI
13191511000001101,Propranolol 5mg/5ml oral solution (Special Order),13191511000001101,amp,0204000R0AACICI
13152711000001108,Propranolol 10mg/5ml oral suspension (Special Order),13152711000001108,amp,0204000R0AACJCJ
13153511000001105,Propranolol 10mg/5ml oral solution (Special Order),13153511000001105,amp,0204000R0AACJCJ
8654111000001100,Propranolol 40mg/5ml oral solution (Special Order),8654111000001100,amp,0204000R0AACLCL
8654711000001104,Propranolol 40mg/5ml oral suspension (Special Order),8654711000001104,amp,0204000R0AACLCL
8655711000001100,Propranolol 80mg/5ml oral solution (Special Order),8655711000001100,amp,0204000R0AACNCN
8656111000001107,Propranolol 80mg/5ml oral suspension (Special Order),8656111000001107,amp,0204000R0AACNCN
13154111000001104,Propranolol 15mg/5ml oral suspension (Special Order),13154111000001104,amp,0204000R0AACRCR
13154711000001103,Propranolol 15mg/5ml oral solution (Special Order),13154711000001103,amp,0204000R0AACRCR
13156111000001106,Propranolol 2.5mg/5ml oral suspension (Special Order),13156111000001106,amp,0204000R0AACSCS
13156511000001102,Propranolol 2.5mg/5ml oral solution (Special Order),13156511000001102,amp,0204000R0AACSCS
21861711000001108,Propranolol 5mg/5ml oral solution sugar free (Cubic Pharmaceuticals Ltd),21861711000001108,amp,0204000R0AACWCW
22352811000001103,Propranolol 5mg/5ml oral solution sugar free (AM Distributions (Yorkshire) Ltd),22352811000001103,amp,0204000R0AACWCW
22606611000001102,Propranolol 5mg/5ml oral solution sugar free (Colorama Pharmaceuticals Ltd),22606611000001102,amp,0204000R0AACWCW
24412611000001108,Propranolol 5mg/5ml oral solution sugar free (CST Pharma Ltd),24412611000001108,amp,0204000R0AACWCW
28036211000001109,Propranolol 5mg/5ml oral solution sugar free (Ennogen Healthcare Ltd),28036211000001109,amp,0204000R0AACWCW
28915211000001100,Propranolol 5mg/5ml oral solution sugar free (Niche Pharma Ltd),28915211000001100,amp,0204000R0AACWCW
30755911000001109,Propranolol 5mg/5ml oral solution sugar free (J M McGill Ltd),30755911000001109,amp,0204000R0AACWCW
32759511000001108,Propranolol 5mg/5ml oral solution sugar free (Rosemont Pharmaceuticals Ltd),32759511000001108,amp,0204000R0AACWCW
33137411000001101,Propranolol 5mg/5ml oral solution sugar free (Alliance Healthcare (Distribution) Ltd),33137411000001101,amp,0204000R0AACWCW
33558611000001109,Propranolol 5mg/5ml oral solution sugar free (A A H Pharmaceuticals Ltd),33558611000001109,amp,0204000R0AACWCW
34243511000001107,Propranolol 5mg/5ml oral solution sugar free (Thame Laboratories Ltd),34243511000001107,amp,0204000R0AACWCW
37780411000001108,Propranolol 5mg/5ml oral solution sugar free (DE Pharmaceuticals),37780411000001108,amp,0204000R0AACWCW
21870411000001104,Propranolol 10mg/5ml oral solution sugar free (Cubic Pharmaceuticals Ltd),21870411000001104,amp,0204000R0AACXCX
22353611000001107,Propranolol 10mg/5ml oral solution sugar free (AM Distributions (Yorkshire) Ltd),22353611000001107,amp,0204000R0AACXCX
22451311000001105,Propranolol 10mg/5ml oral solution sugar free (DE Pharmaceuticals),22451311000001105,amp,0204000R0AACXCX
22606811000001103,Propranolol 10mg/5ml oral solution sugar free (Colorama Pharmaceuticals Ltd),22606811000001103,amp,0204000R0AACXCX
23431511000001108,Propranolol 10mg/5ml oral solution sugar free (J M McGill Ltd),23431511000001108,amp,0204000R0AACXCX
23960011000001104,Propranolol 10mg/5ml oral solution sugar free (Niche Pharma Ltd),23960011000001104,amp,0204000R0AACXCX
24412311000001103,Propranolol 10mg/5ml oral solution sugar free (CST Pharma Ltd),24412311000001103,amp,0204000R0AACXCX
24572211000001107,Propranolol 10mg/5ml oral solution sugar free (Mawdsley-Brooks & Company Ltd),24572211000001107,amp,0204000R0AACXCX
28035811000001102,Propranolol 10mg/5ml oral solution sugar free (Ennogen Healthcare Ltd),28035811000001102,amp,0204000R0AACXCX
28137011000001105,Propranolol 10mg/5ml oral solution sugar free (Pharma-z Ltd),28137011000001105,amp,0204000R0AACXCX
32759311000001102,Propranolol 10mg/5ml oral solution sugar free (Rosemont Pharmaceuticals Ltd),32759311000001102,amp,0204000R0AACXCX
33137811000001104,Propranolol 10mg/5ml oral solution sugar free (Alliance Healthcare (Distribution) Ltd),33137811000001104,amp,0204000R0AACXCX
33558811000001108,Propranolol 10mg/5ml oral solution sugar free (A A H Pharmaceuticals Ltd),33558811000001108,amp,0204000R0AACXCX
34243311000001101,Propranolol 10mg/5ml oral solution sugar free (Thame Laboratories Ltd),34243311000001101,amp,0204000R0AACXCX
21862811000001109,Propranolol 50mg/5ml oral solution sugar free (Cubic Pharmaceuticals Ltd),21862811000001109,amp,0204000R0AACYCY
22354011000001103,Propranolol 50mg/5ml oral solution sugar free (AM Distributions (Yorkshire) Ltd),22354011000001103,amp,0204000R0AACYCY
22451711000001109,Propranolol 50mg/5ml oral solution sugar free (DE Pharmaceuticals),22451711000001109,amp,0204000R0AACYCY
22607011000001107,Propranolol 50mg/5ml oral solution sugar free (Colorama Pharmaceuticals Ltd),22607011000001107,amp,0204000R0AACYCY
23431711000001103,Propranolol 50mg/5ml oral solution sugar free (J M McGill Ltd),23431711000001103,amp,0204000R0AACYCY
23960211000001109,Propranolol 50mg/5ml oral solution sugar free (Niche Pharma Ltd),23960211000001109,amp,0204000R0AACYCY
24572411000001106,Propranolol 50mg/5ml oral solution sugar free (Mawdsley-Brooks & Company Ltd),24572411000001106,amp,0204000R0AACYCY
28036011000001104,Propranolol 50mg/5ml oral solution sugar free (Ennogen Healthcare Ltd),28036011000001104,amp,0204000R0AACYCY
28137211000001100,Propranolol 50mg/5ml oral solution sugar free (Pharma-z Ltd),28137211000001100,amp,0204000R0AACYCY
32759911000001101,Propranolol 50mg/5ml oral solution sugar free (Rosemont Pharmaceuticals Ltd),32759911000001101,amp,0204000R0AACYCY
33138211000001101,Propranolol 50mg/5ml oral solution sugar free (Alliance Healthcare (Distribution) Ltd),33138211000001101,amp,0204000R0AACYCY
33559011000001107,Propranolol 50mg/5ml oral solution sugar free (A A H Pharmaceuticals Ltd),33559011000001107,amp,0204000R0AACYCY
34246411000001103,Propranolol 50mg/5ml oral solution sugar free (Thame Laboratories Ltd),34246411000001103,amp,0204000R0AACYCY
22353811000001106,Propranolol 40mg/5ml oral solution sugar free (AM Distributions (Yorkshire) Ltd),22353811000001106,amp,0204000R0AADBDB
22607211000001102,Propranolol 40mg/5ml oral solution sugar free (Colorama Pharmaceuticals Ltd),22607211000001102,amp,0204000R0AADBDB
30826911000001103,Propranolol 40mg/5ml oral solution sugar free (DE Pharmaceuticals),30826911000001103,amp,0204000R0AADBDB
31995811000001105,Propranolol 40mg/5ml oral solution sugar free (Ennogen Healthcare Ltd),31995811000001105,amp,0204000R0AADBDB
32759711000001103,Propranolol 40mg/5ml oral solution sugar free (Rosemont Pharmaceuticals Ltd),32759711000001103,amp,0204000R0AADBDB
33559211000001102,Propranolol 40mg/5ml oral solution sugar free (A A H Pharmaceuticals Ltd),33559211000001102,amp,0204000R0AADBDB
33568411000001101,Propranolol 40mg/5ml oral solution sugar free (Alliance Healthcare (Distribution) Ltd),33568411000001101,amp,0204000R0AADBDB
34243711000001102,Propranolol 40mg/5ml oral solution sugar free (Thame Laboratories Ltd),34243711000001102,amp,0204000R0AADBDB
13190911000001101,Propranolol 6mg/5ml oral suspension (Special Order),13190911000001101,amp,0204000R0AADDDD
13191811000001103,Propranolol 6mg/5ml oral solution (Special Order),13191811000001103,amp,0204000R0AADDDD
13173411000001108,Propranolol 4mg/5ml oral suspension (Special Order),13173411000001108,amp,0204000R0AADHDH
13173711000001102,Propranolol 4mg/5ml oral solution (Special Order),13173711000001102,amp,0204000R0AADHDH
549611000001106,Bedranol SR 160mg capsules (Sandoz Ltd),549611000001106,amp,0204000R0BDACAB
573711000001104,Bedranol SR 80mg capsules (Sandoz Ltd),573711000001104,amp,0204000R0BDADAA
18695311000001109,Bedranol SR 160mg capsules (Almus Pharmaceuticals Ltd),18695311000001109,amp,0204000R0BDAEAB
18694811000001101,Bedranol SR 80mg capsules (Almus Pharmaceuticals Ltd),18694811000001101,amp,0204000R0BDAFAA
36106311000001108,Bedranol 10mg tablets (Ennogen Pharma Ltd),36106311000001108,amp,0204000R0BDAGAH
36107111000001109,Bedranol 160mg tablets (Ennogen Pharma Ltd),36107111000001109,amp,0204000R0BDAHAL
36106511000001102,Bedranol 40mg tablets (Ennogen Pharma Ltd),36106511000001102,amp,0204000R0BDAIAJ
36106711000001107,Bedranol 80mg tablets (Ennogen Pharma Ltd),36106711000001107,amp,0204000R0BDAJAK
567911000001100,Inderal 10mg tablets (AstraZeneca UK Ltd),567911000001100,amp,0204000R0BGAAAH
930211000001107,Inderal 40mg tablets (AstraZeneca UK Ltd),930211000001107,amp,0204000R0BGABAJ
821011000001100,Inderal 80mg tablets (AstraZeneca UK Ltd),821011000001100,amp,0204000R0BGACAK
226211000001106,Half Inderal LA 80mg capsules (AstraZeneca UK Ltd),226211000001106,amp,0204000R0BGAFAA
154311000001108,Inderal LA 160mg capsules (AstraZeneca UK Ltd),154311000001108,amp,0204000R0BGAGAB
510611000001108,Beta-Prograne 160mg modified-release capsules (Tillomed Laboratories Ltd),510611000001108,amp,0204000R0BNAAAB
724111000001103,Half Beta-Prograne 80mg modified-release capsules (Tillomed Laboratories Ltd),724111000001103,amp,0204000R0BNABAA
15610411000001104,Beta-Prograne 160mg modified-release capsules (Teva UK Ltd),15610411000001104,amp,0204000R0BNACAB
15610611000001101,Half Beta-Prograne 80mg modified-release capsules (Teva UK Ltd),15610611000001101,amp,0204000R0BNADAA
18069311000001100,Half Beta-Prograne 80mg modified-release capsules (Actavis UK Ltd),18069311000001100,amp,0204000R0BNAEAA
18069011000001103,Beta-Prograne 160mg modified-release capsules (Actavis UK Ltd),18069011000001103,amp,0204000R0BNAFAB
295911000001102,Syprol 5mg/5ml oral solution (Rosemont Pharmaceuticals Ltd),295911000001102,amp,0204000R0BVAACW
28711000001109,Syprol 10mg/5ml oral solution (Rosemont Pharmaceuticals Ltd),28711000001109,amp,0204000R0BVABCX
823311000001101,Syprol 50mg/5ml oral solution (Rosemont Pharmaceuticals Ltd),823311000001101,amp,0204000R0BVACCY
15307311000001100,Syprol 40mg/5ml oral solution (Rosemont Pharmaceuticals Ltd),15307311000001100,amp,0204000R0BVADDB
2899011000001105,Rapranol SR 80mg capsules (Ranbaxy (UK) Ltd),2899011000001105,amp,0204000R0BXAAAA
37150611000001105,Angilol 10mg tablets (Genesis Pharmaceuticals Ltd),37150611000001105,amp,0204000R0BZACAH
386111000001101,Sotalol 40mg tablets (Kent Pharmaceuticals Ltd),386111000001101,amp,0204000T0AAABAB
694211000001107,Sotalol 40mg tablets (Alliance Healthcare (Distribution) Ltd),694211000001107,amp,0204000T0AAABAB
936211000001109,Sotalol 40mg tablets (A A H Pharmaceuticals Ltd),936211000001109,amp,0204000T0AAABAB
3659211000001106,Sotalol 40mg tablets (Teva UK Ltd),3659211000001106,amp,0204000T0AAABAB
4230411000001104,Sotalol 40mg tablets (IVAX Pharmaceuticals UK Ltd),4230411000001104,amp,0204000T0AAABAB
9481411000001103,Sotalol 40mg tablets (Mylan),9481411000001103,amp,0204000T0AAABAB
10415811000001104,Sotalol 40mg tablets (Arrow Generics Ltd),10415811000001104,amp,0204000T0AAABAB
11427411000001105,Sotalol 40mg tablets (Almus Pharmaceuticals Ltd),11427411000001105,amp,0204000T0AAABAB
16067611000001105,Sotalol 40mg tablets (Bristol Laboratories Ltd),16067611000001105,amp,0204000T0AAABAB
17799811000001102,Sotalol 40mg tablets (Phoenix Healthcare Distribution Ltd),17799811000001102,amp,0204000T0AAABAB
21901211000001105,Sotalol 40mg tablets (Waymade Healthcare Plc),21901211000001105,amp,0204000T0AAABAB
26785611000001103,Sotalol 40mg tablets (Tillomed Laboratories Ltd),26785611000001103,amp,0204000T0AAABAB
30098811000001100,Sotalol 40mg tablets (DE Pharmaceuticals),30098811000001100,amp,0204000T0AAABAB
30916011000001102,Sotalol 40mg tablets (Mawdsley-Brooks & Company Ltd),30916011000001102,amp,0204000T0AAABAB
35185211000001109,Sotalol 40mg tablets (Milpharm Ltd),35185211000001109,amp,0204000T0AAABAB
170011000001101,Sotalol 80mg tablets (Sandoz Ltd),170011000001101,amp,0204000T0AAACAC
570411000001102,Sotalol 80mg tablets (Alliance Healthcare (Distribution) Ltd),570411000001102,amp,0204000T0AAACAC
654011000001109,Sotalol 80mg tablets (Kent Pharmaceuticals Ltd),654011000001109,amp,0204000T0AAACAC
680311000001106,Sotalol 80mg tablets (Mylan),680311000001106,amp,0204000T0AAACAC
909811000001109,Sotalol 80mg tablets (A A H Pharmaceuticals Ltd),909811000001109,amp,0204000T0AAACAC
3659411000001105,Sotalol 80mg tablets (Teva UK Ltd),3659411000001105,amp,0204000T0AAACAC
4230611000001101,Sotalol 80mg tablets (IVAX Pharmaceuticals UK Ltd),4230611000001101,amp,0204000T0AAACAC
10416211000001106,Sotalol 80mg tablets (Arrow Generics Ltd),10416211000001106,amp,0204000T0AAACAC
11427811000001107,Sotalol 80mg tablets (Almus Pharmaceuticals Ltd),11427811000001107,amp,0204000T0AAACAC
13770911000001104,Sotalol 80mg tablets (Apotex UK Ltd),13770911000001104,amp,0204000T0AAACAC
16068711000001100,Sotalol 80mg tablets (Bristol Laboratories Ltd),16068711000001100,amp,0204000T0AAACAC
17800411000001109,Sotalol 80mg tablets (Phoenix Healthcare Distribution Ltd),17800411000001109,amp,0204000T0AAACAC
21289211000001106,Sotalol 80mg tablets (Accord Healthcare Ltd),21289211000001106,amp,0204000T0AAACAC
21901411000001109,Sotalol 80mg tablets (Waymade Healthcare Plc),21901411000001109,amp,0204000T0AAACAC
26786011000001101,Sotalol 80mg tablets (Tillomed Laboratories Ltd),26786011000001101,amp,0204000T0AAACAC
30099011000001101,Sotalol 80mg tablets (DE Pharmaceuticals),30099011000001101,amp,0204000T0AAACAC
30916211000001107,Sotalol 80mg tablets (Mawdsley-Brooks & Company Ltd),30916211000001107,amp,0204000T0AAACAC
35185411000001108,Sotalol 80mg tablets (Milpharm Ltd),35185411000001108,amp,0204000T0AAACAC
171311000001108,Sotalol 160mg tablets (A A H Pharmaceuticals Ltd),171311000001108,amp,0204000T0AAAEAE
186211000001102,Sotalol 160mg tablets (Kent Pharmaceuticals Ltd),186211000001102,amp,0204000T0AAAEAE
364111000001105,Sotalol 160mg tablets (Alliance Healthcare (Distribution) Ltd),364111000001105,amp,0204000T0AAAEAE
615911000001100,Sotalol 160mg tablets (Mylan),615911000001100,amp,0204000T0AAAEAE
646911000001102,Sotalol 160mg tablets (Sandoz Ltd),646911000001102,amp,0204000T0AAAEAE
3658411000001102,Sotalol 160mg tablets (Teva UK Ltd),3658411000001102,amp,0204000T0AAAEAE
4230811000001102,Sotalol 160mg tablets (IVAX Pharmaceuticals UK Ltd),4230811000001102,amp,0204000T0AAAEAE
10416411000001105,Sotalol 160mg tablets (Arrow Generics Ltd),10416411000001105,amp,0204000T0AAAEAE
11428011000001100,Sotalol 160mg tablets (Almus Pharmaceuticals Ltd),11428011000001100,amp,0204000T0AAAEAE
13770711000001101,Sotalol 160mg tablets (Apotex UK Ltd),13770711000001101,amp,0204000T0AAAEAE
16069211000001102,Sotalol 160mg tablets (Bristol Laboratories Ltd),16069211000001102,amp,0204000T0AAAEAE
21289411000001105,Sotalol 160mg tablets (Accord Healthcare Ltd),21289411000001105,amp,0204000T0AAAEAE
21901611000001107,Sotalol 160mg tablets (Waymade Healthcare Plc),21901611000001107,amp,0204000T0AAAEAE
26787311000001100,Sotalol 160mg tablets (Tillomed Laboratories Ltd),26787311000001100,amp,0204000T0AAAEAE
30099211000001106,Sotalol 160mg tablets (DE Pharmaceuticals),30099211000001106,amp,0204000T0AAAEAE
30916411000001106,Sotalol 160mg tablets (Mawdsley-Brooks & Company Ltd),30916411000001106,amp,0204000T0AAAEAE
35185611000001106,Sotalol 160mg tablets (Milpharm Ltd),35185611000001106,amp,0204000T0AAAEAE
8704211000001108,Sotalol 40mg/5ml oral solution (Special Order),8704211000001108,amp,0204000T0AAAMAM
8705211000001109,Sotalol 40mg/5ml oral suspension (Special Order),8705211000001109,amp,0204000T0AAAMAM
13315911000001102,Sotalol 50mg/5ml oral solution (Special Order),13315911000001102,amp,0204000T0AAAPAP
8704911000001104,Sotalol 25mg/5ml oral solution (Special Order),8704911000001104,amp,0204000T0AAATAT
8703711000001103,Sotalol 80mg/5ml oral solution (Special Order),8703711000001103,amp,0204000T0AAAUAU
8704611000001105,Sotalol 80mg/5ml oral suspension (Special Order),8704611000001105,amp,0204000T0AAAUAU
8705511000001107,Sotalol 25mg/5ml oral suspension (Drug Tariff Special Order),8705511000001107,amp,0204000T0AABCBC
900511000001103,Beta-Cardone 40mg tablets (Focus Pharmaceuticals Ltd),900511000001103,amp,0204000T0BBAAAB
104011000001101,Beta-Cardone 80mg tablets (Focus Pharmaceuticals Ltd),104011000001101,amp,0204000T0BBABAC
447111000001104,Beta-Cardone 200mg tablets (Advanz Pharma),447111000001104,amp,0204000T0BBACAF
463811000001109,Sotacor 80mg tablets (Cheplapharm Arzneimittel GmbH),463811000001109,amp,0204000T0BCAAAC
446211000001108,Sotacor 160mg tablets (Bristol-Myers Squibb Pharmaceuticals Ltd),446211000001108,amp,0204000T0BCABAE
23165911000001107,Timolol 10mg tablets (Focus Pharmaceuticals Ltd),23165911000001107,amp,0204000V0AAAAAA
23482011000001100,Timolol 10mg tablets (Alliance Healthcare (Distribution) Ltd),23482011000001100,amp,0204000V0AAAAAA
23681211000001100,Timolol 10mg tablets (A A H Pharmaceuticals Ltd),23681211000001100,amp,0204000V0AAAAAA
36888711000001102,Timolol 10mg tablets (Mylan),36888711000001102,amp,0204000V0AAAAAA
37825811000001109,Timolol 10mg tablets (DE Pharmaceuticals),37825811000001109,amp,0204000V0AAAAAA
72811000001104,Betim 10mg tablets (Meda Pharmaceuticals Ltd),72811000001104,amp,0204000V0BBAAAA
15873311000001100,Trimetazidine 20mg tablets (Special Order),15873311000001100,amp,0206020B0AAAAAA
20431711000001104,Trimetazidine 35mg modified-release tablets (Special Order),20431711000001104,amp,0206020B0AAABAB
15237611000001105,Vastarel 20mg tablets (Imported (France)),15237611000001105,amp,0206020B0BBAAAA
20434311000001100,Vastarel MR 35mg tablets (Imported (France)),20434311000001100,amp,0206020B0BBABAB
318619000,Celiprolol 200mg tablets,318619000,vmp,020400060AAAAAA
318622003,Celiprolol 400mg tablets,318622003,vmp,020400060AAABAB
29826611000001106,Celiprolol 200mg/5ml oral suspension,29826611000001106,vmp,020400060AAACAC
318631003,Carvedilol 12.5mg tablets,318631003,vmp,020400080AAABAB
318632005,Carvedilol 25mg tablets,318632005,vmp,020400080AAACAC
12422611000001106,Carvedilol 3.125mg/5ml oral suspension,12422611000001106,vmp,020400080AAADAD
318633000,Carvedilol 3.125mg tablets,318633000,vmp,020400080AAAEAE
318635007,Carvedilol 6.25mg tablets,318635007,vmp,020400080AAAFAF
8356811000001107,Carvedilol 5mg/5ml oral suspension,8356811000001107,vmp,020400080AAAPAP
318640004,Nebivolol 5mg tablets,318640004,vmp,0204000ABAAAAAA
432118006,Nebivolol 2.5mg tablets,432118006,vmp,0204000ABAAABAB
432159000,Nebivolol 10mg tablets,432159000,vmp,0204000ABAAACAC
28365711000001103,Bisoprolol 5mg / Aspirin 75mg capsules,28365711000001103,vmp,0204000ACAAAAAA
28365411000001109,Bisoprolol 10mg / Aspirin 75mg capsules,28365411000001109,vmp,0204000ACAAABAB
28365311000001102,Bisoprolol 10mg / Aspirin 100mg capsules,28365311000001102,vmp,0204000ACAAACAC
28365611000001107,Bisoprolol 5mg / Aspirin 100mg capsules,28365611000001107,vmp,0204000ACAAADAD
318412000,Acebutolol 100mg capsules,318412000,vmp,0204000C0AAAAAA
318413005,Acebutolol 200mg capsules,318413005,vmp,0204000C0AAABAB
318414004,Acebutolol 400mg tablets,318414004,vmp,0204000C0AAADAD
35903211000001107,Atenolol 25mg/5ml oral solution sugar free,35903211000001107,vmp,0204000E0AAAAAA
318420003,Atenolol 50mg tablets,318420003,vmp,0204000E0AAABAB
318421004,Atenolol 100mg tablets,318421004,vmp,0204000E0AAACAC
318434003,Atenolol 25mg tablets,318434003,vmp,0204000E0AAAGAG
12015011000001105,Atenolol 25mg/5ml oral solution,12015011000001105,vmp,0204000E0AAANAN
12015211000001100,Atenolol 25mg/5ml oral suspension,12015211000001100,vmp,0204000E0AAANAN
318590006,Bisoprolol 5mg tablets,318590006,vmp,0204000H0AAAAAA
318591005,Bisoprolol 10mg tablets,318591005,vmp,0204000H0AAABAB
318605000,Bisoprolol 2.5mg tablets,318605000,vmp,0204000H0AAAJAJ
318606004,Bisoprolol 3.75mg tablets,318606004,vmp,0204000H0AAAKAK
318607008,Bisoprolol 7.5mg tablets,318607008,vmp,0204000H0AAALAL
318604001,Bisoprolol 1.25mg tablets,318604001,vmp,0204000H0AAAMAM
12287311000001105,Bisoprolol 10mg/5ml oral solution,12287311000001105,vmp,0204000H0AAARAR
12287411000001103,Bisoprolol 10mg/5ml oral suspension,12287411000001103,vmp,0204000H0AAARAR
14159011000001102,Bisoprolol 7.5mg/5ml oral solution,14159011000001102,vmp,0204000H0AABBBB
14159111000001101,Bisoprolol 7.5mg/5ml oral suspension,14159111000001101,vmp,0204000H0AABBBB
15160211000001100,Bisoprolol 625micrograms/5ml oral solution,15160211000001100,vmp,0204000H0AABDBD
15160311000001108,Bisoprolol 625micrograms/5ml oral suspension,15160311000001108,vmp,0204000H0AABDBD
12287511000001104,Bisoprolol 2.5mg/5ml oral solution,12287511000001104,vmp,0204000H0AABEBE
12287611000001100,Bisoprolol 2.5mg/5ml oral suspension,12287611000001100,vmp,0204000H0AABFBF
8304911000001103,Bisoprolol 5mg/5ml oral solution,8304911000001103,vmp,0204000H0AABGBG
8304811000001108,Bisoprolol 5mg/5ml oral suspension,8304811000001108,vmp,0204000H0AABHBH
8305211000001108,Bisoprolol 1.25mg/5ml oral suspension,8305211000001108,vmp,0204000H0AABIBI
8305311000001100,Bisoprolol 1.25mg/5ml oral solution,8305311000001100,vmp,0204000H0AABJBJ
318458004,Labetalol 50mg tablets,318458004,vmp,0204000I0AAABAB
318445000,Labetalol 100mg tablets,318445000,vmp,0204000I0AAACAC
318446004,Labetalol 200mg tablets,318446004,vmp,0204000I0AAADAD
318447008,Labetalol 400mg tablets,318447008,vmp,0204000I0AAAEAE
8582311000001109,Labetalol 50mg/5ml oral solution,8582311000001109,vmp,0204000I0AAAIAI
8582411000001102,Labetalol 50mg/5ml oral suspension,8582411000001102,vmp,0204000I0AAAIAI
8581911000001104,Labetalol 200mg/5ml oral solution,8581911000001104,vmp,0204000I0AAAJAJ
8582011000001106,Labetalol 200mg/5ml oral suspension,8582011000001106,vmp,0204000I0AAAJAJ
8582111000001107,Labetalol 25mg/5ml oral solution,8582111000001107,vmp,0204000I0AAAKAK
8582211000001101,Labetalol 25mg/5ml oral suspension,8582211000001101,vmp,0204000I0AAAKAK
12643611000001102,Labetalol 100mg/5ml oral solution,12643611000001102,vmp,0204000I0AAALAL
12643711000001106,Labetalol 100mg/5ml oral suspension,12643711000001106,vmp,0204000I0AAALAL
318475005,Metoprolol 50mg tablets,318475005,vmp,0204000K0AAABAB
318474009,Metoprolol 100mg tablets,318474009,vmp,0204000K0AAACAC
36035411000001108,Metoprolol 200mg modified-release tablets,36035411000001108,vmp,0204000K0AAADAD
16632411000001109,Metoprolol 12.5mg capsules,16632411000001109,vmp,0204000K0AAAFAF
8668011000001102,Metoprolol 10mg/5ml oral solution,8668011000001102,vmp,0204000K0AAAMAM
8668111000001101,Metoprolol 10mg/5ml oral suspension,8668111000001101,vmp,0204000K0AAAMAM
8669211000001102,Metoprolol 5mg/5ml oral solution,8669211000001102,vmp,0204000K0AAANAN
8669311000001105,Metoprolol 5mg/5ml oral suspension,8669311000001105,vmp,0204000K0AAANAN
8668711000001100,Metoprolol 25mg/5ml oral solution,8668711000001100,vmp,0204000K0AAASAS
8668811000001108,Metoprolol 25mg/5ml oral suspension,8668811000001108,vmp,0204000K0AAASAS
8669111000001108,Metoprolol 50mg/5ml oral suspension,8669111000001108,vmp,0204000K0AAATAT
13007511000001101,Metoprolol 6.25mg/5ml oral solution,13007511000001101,vmp,0204000K0AABBBB
8668211000001107,Metoprolol 12.5mg/5ml oral solution,8668211000001107,vmp,0204000K0AABKBK
8668411000001106,Metoprolol 12.5mg/5ml oral suspension,8668411000001106,vmp,0204000K0AABLBL
8668911000001103,Metoprolol 50mg/5ml oral solution,8668911000001103,vmp,0204000K0AABMBM
318480001,Nadolol 40mg tablets,318480001,vmp,0204000M0AAAAAA
318481002,Nadolol 80mg tablets,318481002,vmp,0204000M0AAABAB
12300711000001104,Nadolol 40mg/5ml oral solution,12300711000001104,vmp,0204000M0AAACAC
27890211000001107,Nadolol 10mg/5ml oral solution,27890211000001107,vmp,0204000M0AAADAD
27890311000001104,Nadolol 10mg/5ml oral suspension,27890311000001104,vmp,0204000M0AAADAD
15227111000001100,Nadolol 80mg/5ml oral solution,15227111000001100,vmp,0204000M0AAAEAE
15227211000001106,Nadolol 80mg/5ml oral suspension,15227211000001106,vmp,0204000M0AAAEAE
16109911000001102,Nadolol 30mg/5ml oral solution,16109911000001102,vmp,0204000M0AAAFAF
16130911000001101,Nadolol 20mg/5ml oral solution,16130911000001101,vmp,0204000M0AAAGAG
16131011000001109,Nadolol 20mg/5ml oral suspension,16131011000001109,vmp,0204000M0AAAHAH
16110011000001107,Nadolol 30mg/5ml oral suspension,16110011000001107,vmp,0204000M0AAAIAI
12300811000001107,Nadolol 40mg/5ml oral suspension,12300811000001107,vmp,0204000M0AAAJAJ
32750111000001109,Nadolol 25mg/5ml oral solution,32750111000001109,vmp,0204000M0AAAKAK
318483004,Oxprenolol 20mg tablets,318483004,vmp,0204000N0AAABAB
318484005,Oxprenolol 40mg tablets,318484005,vmp,0204000N0AAACAC
318485006,Oxprenolol 80mg tablets,318485006,vmp,0204000N0AAADAD
36023011000001102,Oxprenolol 160mg modified-release tablets,36023011000001102,vmp,0204000N0AAAFAF
318512002,Pindolol 5mg tablets,318512002,vmp,0204000P0AAAAAA
318513007,Pindolol 15mg tablets,318513007,vmp,0204000P0AAABAB
318407001,Propranolol 80mg modified-release capsules,318407001,vmp,0204000R0AAAAAA
318406005,Propranolol 160mg modified-release capsules,318406005,vmp,0204000R0AAABAB
318352004,Propranolol 10mg tablets,318352004,vmp,0204000R0AAAHAH
318353009,Propranolol 40mg tablets,318353009,vmp,0204000R0AAAJAJ
318354003,Propranolol 80mg tablets,318354003,vmp,0204000R0AAAKAK
318355002,Propranolol 160mg tablets,318355002,vmp,0204000R0AAALAL
13199511000001100,Propranolol 50mg/5ml oral solution,13199511000001100,vmp,0204000R0AACHCH
13199611000001101,Propranolol 50mg/5ml oral suspension,13199611000001101,vmp,0204000R0AACHCH
13199711000001105,Propranolol 5mg/5ml oral solution,13199711000001105,vmp,0204000R0AACICI
13199811000001102,Propranolol 5mg/5ml oral suspension,13199811000001102,vmp,0204000R0AACICI
13160811000001109,Propranolol 10mg/5ml oral solution,13160811000001109,vmp,0204000R0AACJCJ
13160911000001104,Propranolol 10mg/5ml oral suspension,13160911000001104,vmp,0204000R0AACJCJ
8672711000001106,Propranolol 40mg/5ml oral solution,8672711000001106,vmp,0204000R0AACLCL
8672811000001103,Propranolol 40mg/5ml oral suspension,8672811000001103,vmp,0204000R0AACLCL
8672911000001108,Propranolol 80mg/5ml oral solution,8672911000001108,vmp,0204000R0AACNCN
8673011000001100,Propranolol 80mg/5ml oral suspension,8673011000001100,vmp,0204000R0AACNCN
13161011000001107,Propranolol 15mg/5ml oral solution,13161011000001107,vmp,0204000R0AACRCR
13161111000001108,Propranolol 15mg/5ml oral suspension,13161111000001108,vmp,0204000R0AACRCR
13161411000001103,Propranolol 2.5mg/5ml oral solution,13161411000001103,vmp,0204000R0AACSCS
13161511000001104,Propranolol 2.5mg/5ml oral suspension,13161511000001104,vmp,0204000R0AACSCS
35932811000001105,Propranolol 5mg/5ml oral solution sugar free,35932811000001105,vmp,0204000R0AACWCW
35932311000001101,Propranolol 10mg/5ml oral solution sugar free,35932311000001101,vmp,0204000R0AACXCX
35932711000001102,Propranolol 50mg/5ml oral solution sugar free,35932711000001102,vmp,0204000R0AACYCY
15356211000001102,Propranolol 40mg/5ml oral solution sugar free,15356211000001102,vmp,0204000R0AADBDB
13199911000001107,Propranolol 6mg/5ml oral solution,13199911000001107,vmp,0204000R0AADDDD
13200011000001100,Propranolol 6mg/5ml oral suspension,13200011000001100,vmp,0204000R0AADDDD
13173911000001100,Propranolol 4mg/5ml oral suspension,13173911000001100,vmp,0204000R0AADHDH
13174011000001102,Propranolol 4mg/5ml oral solution,13174011000001102,vmp,0204000R0AADHDH
318525005,Sotalol 40mg tablets,318525005,vmp,0204000T0AAABAB
318526006,Sotalol 80mg tablets,318526006,vmp,0204000T0AAACAC
318528007,Sotalol 160mg tablets,318528007,vmp,0204000T0AAAEAE
318527002,Sotalol 200mg tablets,318527002,vmp,0204000T0AAAFAF
8727111000001102,Sotalol 40mg/5ml oral solution,8727111000001102,vmp,0204000T0AAAMAM
8727211000001108,Sotalol 40mg/5ml oral suspension,8727211000001108,vmp,0204000T0AAAMAM
13324011000001105,Sotalol 50mg/5ml oral solution,13324011000001105,vmp,0204000T0AAAPAP
8726811000001107,Sotalol 25mg/5ml oral solution,8726811000001107,vmp,0204000T0AAATAT
8727411000001107,Sotalol 80mg/5ml oral solution,8727411000001107,vmp,0204000T0AAAUAU
8727511000001106,Sotalol 80mg/5ml oral suspension,8727511000001106,vmp,0204000T0AAAUAU
8726911000001102,Sotalol 25mg/5ml oral suspension,8726911000001102,vmp,0204000T0AABCBC
318534000,Timolol 10mg tablets,318534000,vmp,0204000V0AAAAAA
15243911000001109,Trimetazidine 20mg tablets,15243911000001109,vmp,0206020B0AAAAAA
20456111000001105,Trimetazidine 35mg modified-release tablets,20456111000001105,vmp,0206020B0AAABAB
135912000,VMP previous to 35932811000001105,135912000,vmp,0204000R0AACWCW
135913005,VMP previous to 35932311000001101,135913005,vmp,0204000R0AACXCX
135914004,VMP previous to 35932711000001102,135914004,vmp,0204000R0AACYCY
318437005,VMP previous to 35903211000001107,318437005,vmp,0204000E0AAAAAA
318477002,VMP previous to 36035411000001108,318477002,vmp,0204000K0AAADAD
318507003,VMP previous to 36023011000001102,318507003,vmp,0204000N0AAAFAF
35932511000001107,VMP previous to 318406005,35932511000001107,vmp,0204000R0AAABAB
35932911000001100,VMP previous to 318407001,35932911000001100,vmp,0204000R0AAAAAA
38751111000001107,VMP subsequent to 318407001,38751111000001107,vmp,0204000R0AAAAAA
38751211000001101,VMP subsequent to 318406005,38751211000001101,vmp,0204000R0AAABAB
39701011000001101,VMP subsequent to 432159000,39701011000001101,vmp,0204000ABAAACAC
39701111000001100,VMP subsequent to 432118006,39701111000001100,vmp,0204000ABAAABAB
39701211000001106,VMP subsequent to 318640004,39701211000001106,vmp,0204000ABAAAAAA
39724211000001101,VMP subsequent to 318412000,39724211000001101,vmp,0204000C0AAAAAA
39725211000001100,VMP subsequent to 318413005,39725211000001100,vmp,0204000C0AAABAB
39725711000001107,VMP subsequent to 318414004,39725711000001107,vmp,0204000C0AAADAD
42370411000001101,VMP subsequent to 318421004,42370411000001101,vmp,0204000E0AAACAC
42370611000001103,VMP subsequent to 318434003,42370611000001103,vmp,0204000E0AAAGAG
42370711000001107,VMP subsequent to 318420003,42370711000001107,vmp,0204000E0AAABAB
42371111000001100,VMP subsequent to 318604001,42371111000001100,vmp,0204000H0AAAMAM
42371211000001106,VMP subsequent to 318591005,42371211000001106,vmp,0204000H0AAABAB
42371311000001103,VMP subsequent to 318605000,42371311000001103,vmp,0204000H0AAAJAJ
42371411000001105,VMP subsequent to 318606004,42371411000001105,vmp,0204000H0AAAKAK
42371511000001109,VMP subsequent to 318590006,42371511000001109,vmp,0204000H0AAAAAA
42371611000001108,VMP subsequent to 318607008,42371611000001108,vmp,0204000H0AAALAL
42372511000001101,VMP subsequent to 318631003,42372511000001101,vmp,020400080AAABAB
42372611000001102,VMP subsequent to 318632005,42372611000001102,vmp,020400080AAACAC
42372711000001106,VMP subsequent to 318633000,42372711000001106,vmp,020400080AAAEAE
42372811000001103,VMP subsequent to 318635007,42372811000001103,vmp,020400080AAAFAF
42372911000001108,VMP subsequent to 318619000,42372911000001108,vmp,020400060AAAAAA
42373011000001100,VMP subsequent to 318622003,42373011000001100,vmp,020400060AAABAB
42375711000001102,VMP subsequent to 318445000,42375711000001102,vmp,0204000I0AAACAC
42375811000001105,VMP subsequent to 318446004,42375811000001105,vmp,0204000I0AAADAD
42375911000001100,VMP subsequent to 318447008,42375911000001100,vmp,0204000I0AAAEAE
42376011000001108,VMP subsequent to 318458004,42376011000001108,vmp,0204000I0AAABAB
42377311000001109,VMP subsequent to 318474009,42377311000001109,vmp,0204000K0AAACAC
42377411000001102,VMP subsequent to 318475005,42377411000001102,vmp,0204000K0AAABAB
42377811000001100,VMP subsequent to 318480001,42377811000001100,vmp,0204000M0AAAAAA
42378011000001107,VMP subsequent to 318481002,42378011000001107,vmp,0204000M0AAABAB
42378911000001106,VMP subsequent to 318483004,42378911000001106,vmp,0204000N0AAABAB
42379011000001102,VMP subsequent to 318484005,42379011000001102,vmp,0204000N0AAACAC
42379111000001101,VMP subsequent to 318485006,42379111000001101,vmp,0204000N0AAADAD
42379611000001109,VMP subsequent to 318513007,42379611000001109,vmp,0204000P0AAABAB
42379711000001100,VMP subsequent to 318512002,42379711000001100,vmp,0204000P0AAAAAA
42380111000001101,VMP subsequent to 318352004,42380111000001101,vmp,0204000R0AAAHAH
42380211000001107,VMP subsequent to 318355002,42380211000001107,vmp,0204000R0AAALAL
42380311000001104,VMP subsequent to 318353009,42380311000001104,vmp,0204000R0AAAJAJ
42380511000001105,VMP subsequent to 318354003,42380511000001105,vmp,0204000R0AAAKAK
42382411000001107,VMP subsequent to 318528007,42382411000001107,vmp,0204000T0AAAEAE
42382511000001106,VMP subsequent to 318527002,42382511000001106,vmp,0204000T0AAAFAF
42382611000001105,VMP subsequent to 318525005,42382611000001105,vmp,0204000T0AAABAB
42382711000001101,VMP subsequent to 318526006,42382711000001101,vmp,0204000T0AAACAC
42383411000001103,VMP subsequent to 318534000,42383411000001103,vmp,0204000V0AAAAAA
